Location,Area_sqft,BHK,Price_Lakhs
Rohini Sector 25,800.0,3,65.0
"J R Designers Floors, Rohini Sector 24",750.0,2,50.0
"Citizen Apartment, Rohini Sector 13",950.0,2,155.0
Rohini Sector 24,600.0,2,42.0
"Rohini Sector 24 carpet area 650 sqft status Ready to Move floor 4 out of 4 floors transaction New Property furnishing Semi-Furnished facing East overlooking Garden/Park, Main Road car parking 1 Open bathroom 2 balcony 1 ownership Freehold Newly Constructed Property Newly Constructed Property East Facing Property 2BHK Newly build property for Sale. A House is waiting for a Friendly Family to make it a lovely home.So please come and make his house feel alive once again. read more Contact Agent View Phone No. Share Feedback Garima properties Certified Agent Trusted by Users Genuine Listings Market Knowledge",650.0,2,62.0
Rohini Sector 24,1300.0,4,155.0
Rohini Sector 24,1350.0,4,100.0
"Delhi Homes, Rohini Sector 24",650.0,2,40.0
Rohini Sector 21,985.0,3,68.0
Rohini Sector 22,1300.0,4,150.0
Rohini Sector 20,1100.0,3,62.0
Rohini Sector 25,870.0,3,77.0
Rohini Sector 24,630.0,2,55.0
Rohini Sector 24,660.0,2,50.0
Rohini Sector 8 How Auctions work? The borrower has the physical possession of the Property. However the lender (Bank) can legally sell the Property. super area 32 sqm status Ready to Move floor 1 transaction Resale furnishing Semi-Furnished Contact Now Enquire Now Auction By,344.4448,2,33.1
"Rohini Sector 25 carpet area 660 sqft status Ready to Move floor 2 out of 4 floors transaction New Property furnishing Semi-Furnished facing North overlooking Garden/Park, Main Road car parking 1 Open bathroom 2 balcony 1 ownership Freehold Newly Constructed Property Newly Constructed Property Near by Ryan international school 2BHK Located on the Ground Floor of a four story building with open parking the flat measure 720 Sq Ft the property is located in a green and plush sector with common parks opposite every lane and bus and auto stand nearby. its situated 1.5 km from the metro station and walkable distance from shopping distance from shopping complex. read more Contact Agent View Phone No. Share Feedback Know your Certified Agent CRISIL Rating No of Employees 9 Kulwant & Company Certified Agent Trusted by Users Genuine Listings 5500+ Buyers Served",660.0,2,47.0
Rohini Sector 22,550.0,2,45.0
Rohini Sector 16,1100.0,4,170.0
Rohini Sector 14,1150.0,3,250.0
Rohini Sector 24,650.0,2,60.0
"Mayur Apartment, Rohini Sector 9",850.0,2,110.0
"Vijay Vihar, Rohini",900.0,3,45.0
"Rohini Sector 18 carpet area 40 sqm status Ready to Move floor 2 out of 4 floors transaction Resale furnishing Furnished facing East overlooking Main Road car parking 2 Open bathroom 1 balcony 1 ownership Freehold East Facing Property It an LIG three side corner flat in second floor, having full scope of expansion. interior decorated with 2 textured wall , kajaria tiles , fully modular kitchen, branded bathroom and toilet fittings, LED panel, ac in one bedroom, false ceiling in entire flat.south facing unobstructed view balcony. It was all renovated only 2.5 yrs back so every thing is in brand new condition. read more Contact Owner View Phone No. Share Feedback Owner Pramod",430.556,1,53.0
"Prashant Vihar, Rohini",900.0,2,105.0
Rohini Sector 5,914.9315,2,120.0
Rohini Sector 20,1100.0,3,70.0
Rohini Sector 25,800.0,3,70.0
"Sanskriti Apartment, Rohini Sector 28",500.0,1,34.0
Rohini Sector 25,28.0,2,50.0
Rohini Sector 19,2160.0,4,210.0
Lajpat Nagar 2,1500.0,1,135.0
Lajpat Nagar 1,800.0,2,150.0
Lajpat Nagar,900.0,2,105.0
"Vikram Vihar, Lajpat Nagar",1080.0,3,225.0
Lajpat Nagar 4,750.0,2,136.0
Lajpat Nagar 3,1450.0,3,300.0
Lajpat Nagar,900.0,2,135.0
"Dayanand Colony, Lajpat Nagar How Auctions work? The borrower has the physical possession of the Property. However the lender (Bank) can legally sell the Property. super area 810 sqft status Ready to Move floor 1 out of 5 floors transaction Resale balcony 1 Contact Now Enquire Now Auction By Bank",810.0,2,89.1
Lajpat Nagar,1350.0,3,250.0
Lajpat Nagar 2,1710.0,3,260.0
Lajpat Nagar,1650.0,3,300.0
Lajpat Nagar,1280.0,2,125.0
Lajpat Nagar 3,1260.0,3,210.0
Lajpat Nagar 4,1130.0,2,78.0
"Amar Colony, Lajpat Nagar",600.0,2,115.0
Lajpat Nagar 1,850.0,2,115.0
Lajpat Nagar 2,1500.0,3,260.0
"Amar Colony, Lajpat Nagar",900.0,2,130.0
"Vikram Vihar, Lajpat Nagar",1000.0,3,220.0
Lajpat Nagar 2,900.0,2,158.0
Lajpat Nagar 3,2925.0,4,575.0
Lajpat Nagar 1,900.0,2,100.0
Lajpat Nagar 3,1600.0,3,300.0
"Vikram Vihar, Lajpat Nagar",1143.0,3,220.0
"Vikram Vihar, Lajpat Nagar",1150.0,3,240.0
Lajpat Nagar 3,1500.0,3,315.0
Lajpat Nagar 2,850.0,2,146.0
Lajpat Nagar,8000.0,4,2400.0
Lajpat Nagar 1,890.0,2,83.0
"Vikram Vihar, Lajpat Nagar",1100.0,3,225.0
"DDA Flats Sector 14, Dwarka Sector 14",750.0,1,46.0
"Siddhartha Heights, Dwarka Sector 24",850.0,2,19.0
"MTNL Employees House Welfare Society, Dwarka Sector 24",1350.0,3,51.3
"Delhi Homes Yojana, Dwarka Sector 24",1387.0,4,58.9
"The Elite Spire, Dwarka Sector 21",1050.0,3,37.0
"Kunj Vihar Apartment, Dwarka Sector 12",1500.0,3,174.0
"Ashirwad Apartments, Dwarka Sector 12",1200.0,3,155.0
"MTNL Employees House Welfare Society, Dwarka Sector 24",700.0,2,24.0
"Sunny Valley Apartments, Dwarka",1700.0,3,172.0
"Shri Agrasen Apartment, Dwarka Sector 7",1550.0,3,142.0
"Chopra Apartment, Dwarka Sector 23",1400.0,3,135.0
"Mohinder Apartments, Dwarka Sector 12",1900.0,4,300.0
"Chander Lok Apartment, Dwarka Sector 19",2160.0,4,210.0
"Neelachal, Dwarka Sector 5",1700.0,4,205.0
Dwarka,1850.0,3,240.0
"MeeraBai Apartment, Dwarka Sector 5",1800.0,4,165.0
"Crescent Apartments, Dwarka Sector 18",1620.0,3,149.0
"Ashoka Enclave Apartment, Dwarka Sector 11",1800.0,4,192.0
"Nav Kairali Apartment, Dwarka Sector 3",1540.0,3,145.0
"Ashirwad Apartments, Dwarka",1600.0,3,156.0
"Indraprastha Apartment, Dwarka Sector 12",1400.0,3,114.0
"Mohinder Apartments, Dwarka",2300.0,4,315.0
"Ashoka Apartments, Dwarka Sector 12",1560.0,3,158.0
"Karuna Vihar Apartment, Dwarka",1500.0,3,160.0
"Nav Kairali Apartment, Dwarka Sector 3",1540.0,3,145.0
"LNT Apartments, Dwarka",1050.0,2,105.0
Dwarka Sector 4,1800.0,3,148.0
"Dwarka Sector 3 carpet area 400 sqft status Ready to Move floor 1 out of 4 floors transaction New Property furnishing Semi-Furnished facing West overlooking Main Road bathroom 1 balcony 1 ownership Freehold Newly Constructed Property 1BHK freehold property , reserved parking, ample space for visitor parking, bathrooms with modern facilities, complete light in all room, wooden wardrobes in bedrooms, separate electric & water meter connection, separate water tank at roof, electronic door lock system with intercom facility, wall to wall POP work, fall ceiling work in all rooms, royal paint work in all rooms, 24X7 running water, branded electric fittings, modular kitchen with electronic chimney, marble vitrified tile flooring, near to metro station, well connected to main road ect. 80 to 90 home loan available. Ready to move read more Contact Agent View Phone No. Share Feedback Agent S.B. Associates 4000+ Buyers Served",400.0,1,18.5
Dwarka Sector 16B,1150.0,3,68.0
"Chopra Apartment, Dwarka Sector 23",1525.0,3,142.0
Lajpat Nagar 3,900.0,1,89.0
Lajpat Nagar 3,1450.0,3,375.0
Lajpat Nagar 3,1450.0,3,300.0
Lajpat Nagar 3,1260.0,3,210.0
Lajpat Nagar 3,2925.0,4,575.0
Lajpat Nagar 3,1710.0,3,300.0
Lajpat Nagar 3,1600.0,3,300.0
Lajpat Nagar 3,1500.0,3,315.0
Lajpat Nagar 3,2200.0,3,300.0
Lajpat Nagar 3,1350.0,3,415.0
Lajpat Nagar 3,1710.0,3,248.0
Lajpat Nagar 3,1350.0,3,350.0
Lajpat Nagar 3,1500.0,3,400.0
Lajpat Nagar 3,2880.0,4,460.0
Lajpat Nagar 3,2700.0,4,550.0
Lajpat Nagar 3,1400.0,3,245.0
Lajpat Nagar 3,1800.0,3,245.0
Lajpat Nagar 3,1400.0,3,325.0
Lajpat Nagar 3,1000.0,2,200.0
Lajpat Nagar,8000.0,4,2400.0
Lajpat Nagar 3,1000.0,2,200.0
Lajpat Nagar 3,1700.0,3,190.0
Lajpat Nagar 3,1600.0,3,260.0
Lajpat Nagar 3,1350.0,3,210.0
Lajpat Nagar 3,1700.0,3,275.0
Lajpat Nagar 3,1400.0,3,325.0
Lajpat Nagar 3,1450.0,3,450.0
Lajpat Nagar 3,1350.0,3,210.0
Lajpat Nagar 3,1700.0,3,280.0
Lajpat Nagar 3,1600.0,3,295.0
Lajpat Nagar 2,1500.0,1,135.0
Lajpat Nagar 2,800.0,2,140.0
Lajpat Nagar 2,1710.0,3,260.0
Lajpat Nagar 2,1350.0,2,125.0
Lajpat Nagar 2,1500.0,3,260.0
"Vinoba Puri, Lajpat Nagar",750.0,2,115.0
Lajpat Nagar 2,850.0,2,146.0
Lajpat Nagar 2,1575.0,3,255.0
Lajpat Nagar 2,1675.0,3,310.0
Lajpat Nagar 2,1350.0,3,220.0
Lajpat Nagar 2,900.0,2,134.0
Lajpat Nagar 2,1800.0,3,350.0
Lajpat Nagar 2,900.0,2,110.0
"Vinoba Puri, Lajpat Nagar",900.0,2,63.0
Lajpat Nagar 2,900.0,2,125.0
Lajpat Nagar 2,800.0,2,145.0
Lajpat Nagar 2,1100.0,2,225.0
Lajpat Nagar 2,810.0,2,155.0
Lajpat Nagar 2,1500.0,3,260.0
Lajpat Nagar 2,900.0,2,158.0
Lajpat Nagar 2,825.0,2,150.0
Lajpat Nagar 2,900.0,2,130.0
Lajpat Nagar 2,875.0,2,150.0
Lajpat Nagar 2,1350.0,3,250.0
Lajpat Nagar 2,750.0,2,165.0
Lajpat Nagar 2,900.0,2,103.0
Lajpat Nagar 2,1350.0,3,260.0
Lajpat Nagar 2,900.0,2,110.0
Lajpat Nagar 2,1800.0,3,285.0
Lajpat Nagar 2,900.0,2,110.0
Budh Vihar,900.0,2,110.0
Budh Vihar,810.0,3,45.0
"Budh Vihar super area 50 sqyrd status Ready to Move floor Ground out of 2 floors transaction Resale furnishing Unfurnished facing East car parking 1 Open bathroom 1 balcony 2 ownership Freehold For Sale 2 BHK 50 yrd, 2 side open Ground Floor, First and Second Floor in H Block, Gali No. 04, Near Laxmi Narain Mandir, BudhVihar read more Contact Agent View Phone No. Share Feedback Agent Sahyog Properties 1000+ Buyers Served",450.0,2,36.0
Budh Vihar Phase 1,100.0,3,43.0
Budh Vihar,900.0,3,40.0
Budh Vihar Phase 1,500.0,2,16.5
Budh Vihar,450.0,1,20.0
Budh Vihar,75.0,2,30.0
Budh Vihar Phase 1,270.0,2,14.0
Budh Vihar Phase 1,500.0,2,20.0
Budh Vihar Phase 1,444.0,2,20.0
Budh Vihar,400.0,1,20.0
Budh Vihar,729.0,3,26.0
Budh Vihar Phase 1,4050.0,6,51.0
Budh Vihar Phase 2,2400.0,6,60.0
Budh Vihar,450.0,2,40.0
Budh Vihar Phase 2,405.0,2,62.0
Budh Vihar Phase 1,666.0,1,35.0
"Saptrishi Apartment, Rohini Sector 23",1000.0,2,76.0
Rohini Sector 24,1360.0,4,135.0
Rohini Sector 24,1550.0,4,125.0
Rohini Sector 23,850.0,3,65.0
Rohini Sector 23,2170.0,4,220.0
Rohini Sector 23,720.0,3,60.0
Rohini Sector 23,850.0,3,73.0
Rohini Sector 23,950.0,3,76.0
Rohini Sector 23,2300.0,4,200.0
Rohini Sector 22,1300.0,4,150.0
Rohini Sector 20,1100.0,3,62.0
Rohini Sector 20,1030.0,3,62.0
"Rohini ( 1 km from Shahbad Dairy, Rohini)",350.0,1,23.0
"J R Designers Floors, Rohini Sector 24",750.0,2,50.0
"J R Designers Floors, Rohini Sector 24",720.0,2,47.0
"J R Designers Floors, Rohini Sector 24",800.0,2,55.0
"J R Designers Floors, Rohini Sector 24",350.0,1,20.0
"J R Designers Floors, Rohini Sector 24",980.0,3,73.0
"J R Designers Floors, Rohini Sector 24",1600.0,4,130.0
"J R Designers Floors, Rohini Sector 24",1450.0,3,115.0
"J R Designers Floors, Rohini Sector 24",445.0,2,28.0
"J R Designers Floors, Rohini Sector 24",380.0,1,22.0
"J R Designers Floors, Rohini Sector 24",680.0,2,44.0
"J R Designers Floors, Rohini Sector 24",1600.0,3,135.0
"J R Designers Floors, Rohini Sector 24",630.0,2,41.0
"J R Designers Floors, Rohini Sector 24",1500.0,3,120.0
"J R Designers Floors, Rohini Sector 24",550.0,2,35.0
"J R Designers Floors, Rohini Sector 24",2500.0,4,150.0
"J R Designers Floors, Rohini Sector 24",2800.0,5,175.0
"J R Designers Floors, Rohini Sector 24",300.0,1,19.0
"J R Designers Floors, Rohini Sector 24",800.0,3,55.0
"J R Designers Floors, Rohini Sector 24",1295.0,3,100.0
"J R Designers Floors, Rohini Sector 24",700.0,3,47.0
"J R Designers Floors, Rohini Sector 24",350.0,1,24.0
"J R Designers Floors, Rohini Sector 24",450.0,2,38.0
"J R Designers Floors, Rohini Sector 24",2200.0,4,230.0
"J R Designers Floors, Rohini Sector 24",2300.0,4,245.0
"J R Designers Floors, Rohini Sector 24",1150.0,3,100.0
"J R Designers Floors, Rohini Sector 24",800.0,3,55.0
"J R Designers Floors, Rohini Sector 24",850.0,3,70.0
"J R Designers Floors, Rohini Sector 24",720.0,3,65.0
"The Leela Sky Villas, Patel Nagar",4688.0,5,1350.0
"J R Designers Floors, Rohini Sector 24",750.0,2,50.0
"The Leela Sky Villas, Patel Nagar",3901.0,4,930.0
"Uttam Nagar Floors, Uttam Nagar",950.0,3,43.7
"Virat Residency, Dwarka Mor",1000.0,3,46.2
"Siddhartha Heights, Dwarka Sector 24",850.0,2,19.0
"Find Homes, Greater Kailash 2",2400.0,4,700.0
"MTNL Employees House Welfare Society, Dwarka Sector 24",1350.0,3,51.3
"Adarsh Homes, Dwarka Mor",540.0,2,30.0
"Delhi Homes Yojana, Dwarka Sector 24",1387.0,4,58.9
"Kushwaha Homes, Uttam Nagar",540.0,2,33.0
"Godrej South Estate, Okhla",976.0,2,249.0
"The Elite Spire, Dwarka Sector 21",1050.0,3,37.0
"APL Builder Floor, Greater Kailash 1",2700.0,4,600.0
"Kunj Vihar Apartment, Dwarka Sector 12",1500.0,3,174.0
Janakpuri Block A3,2900.0,5,510.0
Greater Kailash 2,5025.0,5,1700.0
"Partap Homes, Bhagwati Vihar, Uttam Nagar",1000.0,3,55.1
"The Amaryllis, Karol Bagh",1135.0,3,250.0
"The Leela Sky Villas, Patel Nagar",2306.0,3,570.0
"Diamond Heights Multi Estate, Najafgarh",850.0,2,29.4
"Ashirwad Apartments, Dwarka Sector 12",1200.0,3,155.0
"Sunny Valley Apartments, Dwarka",1700.0,3,172.0
"Vasant Vihar Builder Floor, Vasant Vihar",1800.0,4,550.0
Vasant Kunj,1100.0,2,150.0
Greater Kailash 1,22050.0,4,510.0
Rohini Sector 24,1550.0,4,130.0
Greater Kailash 1,1600.0,3,300.0
"Khanpur, Madangir",700.0,2,24.0
"Batla House, Okhla",45.0,4,55.0
"Friends Colony West, New Friends Colony",3510.0,4,450.0
New Friends Colony,4500.0,4,600.0
New Friends Colony,1800.0,4,650.0
"Maharani Bagh, New Friends Colony",6000.0,5,2200.0
"New Friends Colony carpet area 4300 sqft status Ready to Move floor 2 out of 3 floors transaction Resale furnishing Unfurnished facing North - East overlooking Garden/Park, Main Road car parking 2 Covered, 2 Open bathroom 4 balcony 3 ownership Freehold hurry up... dont waste time any where, It is best deal in your pocket budget.well maintained second floor with terrace garden plus 2 additional room on terrace up for sale in new friends colony.the property has 4 king sized bedroom attached bathroom with roof top shower with Jacuzzi. It has 3 big balconies with wonderful outer view. It has modular kitchen with new fittings. It has servant quarter pooja room study room store room etc. It has drawing & dining. It has 2 car parking with gated society. It has 247 hours water supply with full power backup. It is in amazing location. read more Contact Agent View Phone No. Share Feedback Crisil Silver Agent Sagar Home Developers Pvt. Ltd. 1000+ Buyers Served",4300.0,4,600.0
"Friends Colony East, New Friends Colony",1700.0,3,385.0
"Maharani Bagh, New Friends Colony",2500.0,3,500.0
New Friends Colony,4500.0,4,750.0
"Friends Colony West, New Friends Colony",2450.0,4,700.0
"Maharani Bagh, New Friends Colony",10350.0,4,1600.0
"Maharani Bagh, New Friends Colony",4800.0,3,850.0
New Friends Colony,1600.0,3,400.0
New Friends Colony,3500.0,4,900.0
New Friends Colony,2100.0,4,560.0
"Friends Colony East, New Friends Colony",4200.0,5,1355.0
New Friends Colony,1500.0,3,600.0
"Maharani Bagh, New Friends Colony",8150.0,4,1700.0
"Kalindi Colony, Maharani Bagh, New Friends Colony",2200.0,4,500.0
New Friends Colony,3500.0,4,580.0
"Friends Colony East, New Friends Colony",2070.0,3,375.0
"Maharani Bagh, New Friends Colony",3500.0,3,450.0
New Friends Colony,2000.0,4,700.0
"Taimoor Enclave, New Friends Colony carpet area 2800 sqft status Ready to Move floor 2 out of 3 floors transaction Resale furnishing Semi-Furnished facing East overlooking Garden/Park society Taimoor Enclave car parking 2 Covered, 1 Open bathroom 4 balcony 2 ownership Freehold Two floor of the house is available for sale SECOND AND THIRD FLOOR EXTRA made, provision for LIFT can be provided by the OWNER .DDA FLATS of TAIMOOR ENCLAVE, NEAR GURUDWARA, NEW FRIENDS COLONY, SOUTH DELHI , HOUSE IS ON THE SECOND FLOOR have 3 bed room and 2 wash room and and same on the Third Floor, URGENT SALE, BROKER EXCUSE. read more Contact Agent View Phone No. Share Feedback Agent Delhi Homes 100+ Buyers Served",2800.0,6,295.0
New Friends Colony,2550.0,4,600.0
New Friends Colony,4500.0,4,700.0
New Friends Colony,1400.0,3,500.0
New Friends Colony,2800.0,4,750.0
"New Friends Colony Floors, New Friends Colony",2700.0,4,525.0
New Friends Colony,4500.0,4,550.0
"Maharani Bagh, New Friends Colony",7200.0,4,1200.0
"Kailash Colony, Greater Kailash",2799.0,4,650.0
"Kailash Colony, Greater Kailash",2650.0,4,750.0
"Kailash Colony, Greater Kailash",2200.0,4,475.0
"Kailash Colony, Greater Kailash",3500.0,5,700.0
"Kailash Colony, Greater Kailash",2200.0,4,475.0
"Kailash Colony, Greater Kailash",2200.0,4,400.0
"Kailash Colony, Greater Kailash",3500.0,4,850.0
"Kailash Colony, Greater Kailash",1440.0,3,260.0
"Kailash Colony, Greater Kailash",3150.0,4,350.0
"Kailash Colony, Greater Kailash",900.0,2,200.0
"Kailash Colony, Greater Kailash",3690.0,4,790.0
"Kailash Colony, Greater Kailash",1200.0,3,170.0
"Kailash Colony, Greater Kailash",4500.0,4,475.0
"Kailash Colony, Greater Kailash",2799.0,4,430.0
"Kailash Colony, Greater Kailash",1350.0,3,260.0
"Kailash Colony, Greater Kailash",1200.0,3,250.0
"Kailash Colony, Greater Kailash",2177.0,4,510.0
"Kailash Colony, Greater Kailash",1500.0,3,400.0
"Kailash Colony, Greater Kailash",1600.0,3,225.0
"Kailash Colony, Greater Kailash",4500.0,4,700.0
"Kailash Colony, Greater Kailash",2150.0,4,450.0
"Kailash Colony, Greater Kailash",2107.0,4,511.0
"Kailash Colony, Greater Kailash",1150.0,3,255.0
"Kailash Colony, Greater Kailash",1240.0,3,265.0
"Kailash Colony, Greater Kailash",1000.0,2,150.0
"Kailash Colony, Greater Kailash",4500.0,4,550.0
"Kailash Colony, Greater Kailash",1150.0,3,260.0
"Kailash Colony, Greater Kailash",2000.0,4,380.0
"Kailash Colony, Greater Kailash",4500.0,4,725.0
"Kailash Colony, Greater Kailash",3000.0,4,650.0
"Ram Nagar, Shahdara",700.0,2,46.0
"Jyoti Nagar West, Shahdara",750.0,2,92.0
"Hans Apartments, Vishwas Nagar, Shahdara",1350.0,4,95.0
"Naveen Shahdara, Shahdara",900.0,2,45.0
"Balbir Nagar, Shahdara",970.0,3,65.0
"Rohitash Nagar East, Shahdara",1000.0,3,56.5
"Naveen Shahdara, Shahdara",1425.0,3,93.0
Shahdara,440.0,2,27.0
"Vishwas Nagar, Shahdara",1017.0,2,65.0
"DDA RPS Flats, Mansarowar Park, Shahdara",650.0,2,58.0
Shahdara,950.0,3,55.0
"Yamuna Vihar, Shahdara",810.0,3,60.0
"Balbir Nagar, Shahdara",750.0,2,45.0
Shahdara,990.0,2,41.0
"Ram Nagar, Shahdara",800.0,3,38.0
Shahdara,675.0,2,33.0
"Rohtash Nagar, Shahdara",558.0,2,29.0
"Ram Nagar Extension, Shahdara",445.0,2,20.0
"Maujpur, Shahdara",360.0,2,15.5
"Mansarowar Park, Shahdara",1350.0,4,113.0
"Gorakh Park West, Shahdara",850.0,3,45.0
"Shivnam Apartment, Shahdara",846.0,2,33.0
"Mansarowar Park, Shahdara",1300.0,4,115.0
"Ram Nagar Extension, Shahdara",900.0,3,60.0
"Hans Apartments, Vishwas Nagar, Shahdara",1050.0,3,90.0
"Jyoti Colony, Shahdara",850.0,2,45.0
Shahdara,1650.0,4,140.0
"Ahinsha Vatika, Ram Nagar, Shahdara",1150.0,2,73.0
Shahdara,495.1394,1,19.0
"Naveen Shahdara, Shahdara",1053.0,3,70.0
"Yamuna Vihar, Shahdara",810.0,3,60.0
"Yamuna Vihar, Shahdara",750.0,1,64.0
"Yamuna Vihar, Shahdara",540.0,2,27.0
"Yamuna Vihar, Shahdara",747.0,2,65.0
"Yamuna Vihar, Shahdara",720.0,2,40.0
"Yamuna Vihar, Shahdara",376.7365,1,30.0
"Yamuna Vihar, Shahdara",1125.0,2,50.0
"Yamuna Vihar, Shahdara",713.0,2,60.0
"Yamuna Vihar, Shahdara",360.0,1,25.0
"Yamuna Vihar, Shahdara",900.0,2,65.0
"Yamuna Vihar, Shahdara",713.0,3,80.0
"Yamuna Vihar, Shahdara",504.0,2,27.0
"Yamuna Vihar, Shahdara",70.0,1,45.0
"Yamuna Vihar, Shahdara",850.0,3,57.0
"Yamuna Vihar, Shahdara",2430.0,4,250.0
"Yamuna Vihar, Shahdara",2475.0,3,700.0
"Yamuna Vihar, Shahdara",2970.0,7,265.0
"Yamuna Vihar, Shahdara",2250.0,3,185.0
"Yamuna Vihar, Shahdara",1500.0,5,300.0
"Yamuna Vihar, Shahdara",1512.0,2,220.0
"mind. The space is airy, is well located and can be easily customized as per the needs. Prime facilities are easily accessible from this place with Government Girls Senior Secondary School No 2 (0 km ). Other key neighbourhood are B Block Market (0 km ). read more Contact Owner View Phone No. Share Feedback Owner vinod kumar",400.0,2,90.0
"Yamuna Vihar, Shahdara",2160.0,3,650.0
"Yamuna Vihar, Shahdara",630.0,3,225.0
"Yamuna Vihar, Shahdara",324.0,6,87.0
"Yamuna Vihar, Shahdara",720.0,6,220.0
"Yamuna Vihar, Shahdara",675.0,4,185.0
"Yamuna Vihar, Shahdara",700.0,2,160.0
"Yamuna Vihar, Shahdara",675.0,4,160.0
"Yamuna Vihar, Shahdara",720.0,4,90.0
"Jyoti Colony, Shahdara",850.0,2,45.0
Laxmi Nagar,801.0,3,60.0
Laxmi Nagar,450.0,1,27.0
Laxmi Nagar,1000.0,3,65.0
Laxmi Nagar,990.0,3,40.0
Laxmi Nagar,420.0,2,26.0
Laxmi Nagar,450.0,2,35.0
Laxmi Nagar,1000.0,2,75.0
Laxmi Nagar,900.0,3,70.0
Laxmi Nagar,800.0,3,45.0
Laxmi Nagar,720.0,3,55.0
Laxmi Nagar,450.0,2,27.0
Laxmi Nagar,675.0,2,24.0
Laxmi Nagar,1700.0,4,115.0
"Guru Angad Nagar West, Laxmi Nagar",550.0,2,36.0
"Guru Angad Nagar West, Laxmi Nagar",387.0,1,17.0
"Lalita Park, Laxmi Nagar",450.0,2,25.0
Laxmi Nagar,900.0,4,66.0
Laxmi Nagar,500.0,2,37.0
"Krishan Kunj, Laxmi Nagar",441.0,2,35.0
"Lalita Park, Laxmi Nagar",800.0,3,54.0
"Laxmi Nagar super area 450 sqft status Ready to Move floor 3 out of 4 floors transaction New Property furnishing Semi-Furnished facing East overlooking Main Road bathroom 2 balcony 1 ownership Freehold Newly Constructed Property East Facing Property This Builder Floor Apartment at 3rd faces East & overlooks Main Road offering a beautiful view from the house. with airy interiors. The type of ownership is Freehold. The Builder Floor Apartment is newly constructed. Bank loans available from LIC Housing Finance, Kotak Mahindra Bank, Indiabulls. Flooring of type Marble covers maximum part of the house. The location has easy access to, Dena Bank (0 km ), Delhi Convent School (0 km ), DDA Market (0 km ) and Nirman Vihar Metro Station (2 km ). read more Contact Owner View Phone No. Share Feedback Owner Sonia",450.0,2,25.5
"Laxmi Nagar carpet area 1000 sqft status Ready to Move floor 1 out of 4 floors transaction Resale furnishing Furnished bathroom 3 balcony 1 It's a 1st floor Builder Floor Apartment in a building of total 4 floors. The age of construction for this Builder Floor Apartment is between 10 to 15 years. The location has easy access to, Dena Bank (0 km ), Delhi Convent School (0 km ), DDA Market (0 km ) and Nirman Vihar Metro Station (2 km ). read more Contact Owner View Phone No. Share Feedback Owner Vipul Jain",1000.0,3,125.0
Laxmi Nagar,715.0,2,56.0
Laxmi Nagar,600.0,2,70.0
Laxmi Nagar,540.0,2,35.0
"Bank Enclave, Laxmi Nagar",312.0,4,350.0
Laxmi Nagar,810.0,3,90.0
"Guru Angad Nagar West, Laxmi Nagar",270.0,1,23.0
Laxmi Nagar,900.0,3,60.0
Laxmi Nagar,1000.0,3,60.0
Uttam Nagar,540.0,2,26.5
"Uttam Nagar Floors, Uttam Nagar",950.0,3,43.7
"Virat Residency, Dwarka Mor",1000.0,3,46.2
"Adarsh Homes, Dwarka Mor",540.0,2,30.0
"Kushwaha Homes, Uttam Nagar",540.0,2,33.0
"Partap Homes, Bhagwati Vihar, Uttam Nagar",1000.0,3,55.1
Dwarka Mor,500.0,2,32.0
Uttam Nagar West,540.0,2,26.0
Uttam Nagar,780.0,3,40.0
Uttam Nagar West,450.0,2,18.5
Uttam Nagar,360.0,1,17.0
"SB Residency, Dwarka Mor",900.0,3,28.0
Uttam Nagar West,495.0,2,21.5
"SB Residency, Dwarka Mor",1200.0,4,68.0
Uttam Nagar,1000.0,3,62.0
Uttam Nagar,620.0,2,31.0
Dwarka Mor,680.0,3,34.0
"Kiran Garden, Uttam Nagar",805.0,2,40.0
"Mohan Garden, Razapur Khurd",729.0,2,48.0
Uttam Nagar,540.0,2,25.0
Uttam Nagar,360.0,1,20.0
Uttam Nagar West,550.0,2,19.0
"Mitya Homes, Dwarka Mor",1001.0,3,58.0
Dwarka Mor,450.0,2,29.0
Uttam Nagar West,550.0,2,20.0
"Uttam Nagar carpet area 550 sqft status Ready to Move transaction New Property furnishing Semi-Furnished facing East overlooking Main Road bathroom 2 balcony 1 ownership Freehold Newly Constructed Property Newly Constructed Property East Facing Property 2bhk fully furnished flats available for sale at uttam nagar, the flat is fully loaded, one singal wall texture in all bedrooms, modular kitchen, LED pannel in drawing room, wardrobes in bedroom read more Contact Agent View Phone No. Share Feedback Pranita Developers Pvt. Ltd. Certified Agent Trusted by Users Genuine Listings 100+ Buyers Served",550.0,2,26.0
Uttam Nagar,675.0,2,29.0
Uttam Nagar,585.0,2,32.0
"New Uttam Nagar, Uttam Nagar",810.0,3,54.0
Dwarka Mor,765.0,3,38.0
"The Leela Sky Villas, Patel Nagar",4688.0,5,1350.0
"The Leela Sky Villas, Patel Nagar",3901.0,4,930.0
"Patel Nagar South, Patel Nagar",70.0,2,82.0
Patel Nagar West,800.0,3,80.0
Patel Nagar West,900.0,3,95.0
Patel Nagar West,1680.0,4,200.0
Patel Nagar West,900.0,2,74.0
"Patel Nagar East, Patel Nagar",2000.0,3,375.0
Patel Nagar West,2000.0,4,150.0
"The Leela Sky Villas, Patel Nagar",1900.0,3,553.0
"Patel Nagar East, Patel Nagar",1530.0,3,265.0
"Patel Nagar East, Patel Nagar",100.0,3,160.0
Patel Nagar West,900.0,3,104.0
Patel Nagar West,270.0,1,17.0
Patel Nagar West,950.0,2,80.0
"Patel Nagar East, Patel Nagar",1800.0,3,270.0
Patel Nagar West,1500.0,3,195.0
"Patel Nagar East, Patel Nagar",1800.0,3,500.0
Patel Nagar West,1800.0,3,211.0
"The Leela Sky Villas, Patel Nagar",2306.0,3,570.0
Patel Nagar West,850.0,2,59.0
"Punjabi Basti, Patel Nagar",140.0,3,120.0
Patel Nagar West,900.0,3,120.0
Patel Nagar West,1800.0,3,240.0
"Patel Nagar East, Patel Nagar",200.0,1,70.0
"Patel Nagar East, Patel Nagar",1782.0,3,150.0
"Baljit Nagar, Patel Nagar",900.0,2,15.0
Patel Nagar West,405.0,2,39.5
Patel Nagar West,1500.0,3,125.0
"Baljit Nagar, Patel Nagar",66.0,3,16.0
"DDA Flats Vasant Kunj, Vasant Kunj Sector B",2000.0,4,365.0
"DDA Flats Vasant Kunj, Vasant Kunj carpet area 1200 sqft status Ready to Move floor 5 out of 7 floors transaction Resale furnishing Semi-Furnished facing North - West overlooking Garden/Park, Main Road society DDA Flats Vasant Kunj car parking 1 Covered, 1 Open bathroom 2 balcony 2 ownership Freehold A southEAST facing 3 bhk resale flat is available in the promising locality of sectorE vasant kunj vasant kunj, delhi south. It is a ready to move in spacious flat and is located on the 5th floor. Every single detail of the flat is carefully designed. This property offers quality specifications such as lifts, park, water storage and securityfire alar. It is a gated society flat. It provides a spectacular view of the main road and parkgarden. The apartment is priced at rs. 2 cr. It is a freehold property, with a super builtUp area of 1600 sq. Ft. The property price is negotiable. read more Contact Agent Enquire Now Share Feedback Crisil Silver Agent Link Properties Pvt. Ltd. 5000+ Buyers Served",1200.0,3,200.0
Vasant Kunj,1100.0,2,150.0
Vasant Kunj,1400.0,3,250.0
"DDA Flats Vasant Kunj, Vasant Kunj",1600.0,3,185.0
"DDA Flats Pocket 1, Vasant Kunj Sector B",1600.0,4,235.0
Vasant Kunj,600.0,1,80.0
"Saraswati Narmada Ganga Yamuna Apartment, Vasant Kunj Sector D",1600.0,3,230.0
"DDA Flats Vasant Kunj, Vasant Kunj",2000.0,3,310.0
"DDA Flats Sector E Pocket 1, Vasant Kunj",650.0,1,74.0
Vasant Kunj,1100.0,2,155.0
"DDA Flats Sector E Pocket 1, Vasant Kunj",1075.0,2,120.0
"DDA Flats Vasant Kunj, Vasant Kunj Sector D",1450.0,3,235.0
Vasant Kunj Sector A,1200.0,3,250.0
"E2 Vasant Kunj, Vasant Kunj",600.0,1,70.0
"DDA Flats Vasant Kunj, Vasant Kunj",1000.0,2,175.0
"Ganga Apartment Sector D Pocket 6, Vasant Kunj",1600.0,3,250.0
Vasant Kunj Sector C,1750.0,4,290.0
"DDA Flats Sector E Pocket 1, Vasant Kunj",1300.0,3,219.0
Vasant Kunj Sector D,550.0,1,75.0
"DDA Flats Vasant Kunj, Vasant Kunj Sector C",2200.0,4,235.0
Vasant Kunj Sector C,1100.0,2,240.0
Vasant Kunj,1700.0,3,310.0
Vasant Kunj,1100.0,2,165.0
"Kishangarh, Vasant Kunj",1000.0,2,50.0
"DDA Pocket 1, Vasant Kunj Sector D",1350.0,3,240.0
"Ganga Apartment Sector D Pocket 6, Vasant Kunj",1184.0,2,170.0
Vasant Kunj Sector B,2000.0,4,400.0
Vasant Kunj,3500.0,4,225.0
Vasant Kunj,900.0,3,200.0
"The Leela Sky Villas, Patel Nagar",4688.0,5,1350.0
"J R Designers Floors, Rohini Sector 24",750.0,2,50.0
"The Leela Sky Villas, Patel Nagar",3901.0,4,930.0
"Uttam Nagar Floors, Uttam Nagar",950.0,3,43.7
"Virat Residency, Dwarka Mor",1000.0,3,46.2
"Siddhartha Heights, Dwarka Sector 24",850.0,2,19.0
"Find Homes, Greater Kailash 2",2400.0,4,700.0
"MTNL Employees House Welfare Society, Dwarka Sector 24",1350.0,3,51.3
"Adarsh Homes, Dwarka Mor",540.0,2,30.0
"Delhi Homes Yojana, Dwarka Sector 24",1387.0,4,58.9
"Kushwaha Homes, Uttam Nagar",540.0,2,33.0
"Godrej South Estate, Okhla",976.0,2,249.0
"The Elite Spire, Dwarka Sector 21",1050.0,3,37.0
"APL Builder Floor, Greater Kailash 1",2700.0,4,600.0
"Kunj Vihar Apartment, Dwarka Sector 12",1500.0,3,174.0
Janakpuri Block A3,2900.0,5,510.0
Greater Kailash 2,5025.0,5,1700.0
"Partap Homes, Bhagwati Vihar, Uttam Nagar",1000.0,3,55.1
"The Amaryllis, Karol Bagh",1135.0,3,250.0
"The Leela Sky Villas, Patel Nagar",2306.0,3,570.0
"Diamond Heights Multi Estate, Najafgarh",850.0,2,29.4
"Ashirwad Apartments, Dwarka Sector 12",1200.0,3,155.0
"Sunny Valley Apartments, Dwarka",1700.0,3,172.0
"Vasant Vihar Builder Floor, Vasant Vihar",1800.0,4,550.0
Vasant Kunj,1100.0,2,150.0
Greater Kailash 1,22050.0,4,510.0
Rohini Sector 24,1550.0,4,130.0
Greater Kailash 1,1600.0,3,300.0
"Khanpur, Madangir",700.0,2,24.0
"Batla House, Okhla",45.0,4,55.0
"Gandhi Nagar, Shahdara",450.0,2,29.0
"Gandhi Nagar, Shahdara",540.0,5,170.0
"Gandhi Nagar, Shahdara",1350.0,3,250.0
"Gandhi Nagar, Shahdara",2250.0,3,100.0
"DDA Flats Mansarovar Park, Seelampur, Shahdara",1250.0,2,75.0
"Seelampur, Shahdara",504.0,3,36.0
"Shanti Mohalla, Shahdara",65.0,3,350.0
"Seelampur, Shahdara",450.0,2,60.0
"Rajgarh Colony, Shahdara",1800.0,4,175.0
"Kanti Nagar East, Shahdara",1800.0,4,350.0
"Raghubarpura, Shahdara",1530.0,5,102.0
Vasant Kunj Sector C,1750.0,4,290.0
"Sukhdev Vihar, Okhla",2210.0,4,410.0
Geeta Colony,760.0,3,60.0
Krishna Nagar Block A,400.0,2,25.0
Geeta Colony,380.0,1,22.0
"Taj Enclave, Khairatabad",904.1676,2,215.0
"Shastri Park, Shahdara",900.0,4,150.0
Geeta Colony,810.0,5,289.0
Geeta Colony,100.0,3,55.0
"Shastri Park, Shahdara",50.0,2,19.5
Geeta Colony,58.0,2,38.0
"Sitaram Bazar, Chandni Chowk",900.0,2,62.0
Shahdara,1650.0,4,140.0
Laxmi Nagar,1000.0,2,75.0
Shahdara How Auctions work? The borrower has the physical possession of the Property. However the lender (Bank) can legally sell the Property. super area 852 sqft status Ready to Move transaction Resale ownership Freehold bathroom 2 Contact Now Enquire Now Auction By,852.0,2,26.7
Shahdara,700.0,2,25.0
Laxmi Nagar,990.0,3,40.0
Laxmi Nagar,450.0,2,35.0
Laxmi Nagar,1000.0,2,50.0
Saket,1700.0,4,295.0
"Anupam Enclave, Saket",1350.0,3,190.0
Saket,2100.0,4,255.0
Saket,2600.0,4,750.0
Saket,3000.0,4,750.0
"RWA Flats, Saket",1450.0,3,340.0
Saket,2050.0,4,475.0
"Metrotech Builder Floors, Saket",3000.0,4,750.0
"Saket Court Residential Complex, Saket",1800.0,3,230.0
"Press Enclave Society, Saket",900.0,3,240.0
"RWA Flats, Saket",1500.0,3,215.0
Saket,1500.0,3,285.0
"Project Paryavaran Complex, Saket",1800.0,4,125.0
Saket,1674.0,3,450.0
Saket,2025.0,4,305.0
Saket,1300.0,3,225.0
"Press Enclave Society, Saket",990.0,3,280.0
Saket,2100.0,3,250.0
Saket,2250.0,4,337.0
Saket,1500.0,3,270.0
Saket,2700.0,4,435.0
"RWA Flats, Saket",1700.0,3,290.0
Saket,1700.0,3,300.0
Saket,2050.0,4,521.0
Saket,1800.0,3,325.0
Saket,1500.0,3,205.0
Saket,2000.0,4,250.0
Saket,1500.0,3,300.0
Saket,24300.0,4,510.0
Saket,2475.0,4,310.0
Safdarjung Enclave,1800.0,3,375.0
"Arjun Nagar, Safdarjung Enclave",1300.0,3,325.0
Safdarjung Enclave,1500.0,3,375.0
Safdarjung Enclave,2100.0,4,550.0
Safdarjung Enclave,1800.0,4,875.0
Safdarjung Enclave,1100.0,2,163.0
Safdarjung Enclave,2035.0,4,650.0
"Safdarjung Enclave carpet area 1100 sqft status Ready to Move floor Ground out of 4 floors transaction Resale furnishing Unfurnished facing North - East overlooking Garden/Park, Main Road car parking 1 Covered, 1 Open bathroom 3 balcony 3 ownership Freehold if you are searching for your dream house, congratulation. you're not so far from your destiny. we got unbeatable ground floor in b-block safdarjung enclave for sale. it is in 150 yds. It has 3 large king sized bedroom attached bathroom with Jacuzzi and roof top shower with all other fittings. it has modular kitchen with all needed facility. it has 3 big balcony with amazing out side view. it has 1 servant quarter also. it has 1 reserved car parking with gated society. It has 24*7 water supply with full power backup. for more information contact us at once because it can be your dream house. read more Contact Agent View Phone No. Share Feedback Crisil Silver Agent Sagar Home Developers Pvt. Ltd. 1000+ Buyers Served",1100.0,3,250.0
Safdarjung Enclave,1550.0,3,380.0
Safdarjung Enclave,700.0,2,150.0
"Arjun Nagar, Safdarjung Enclave",150.0,2,20.0
"Arjun Nagar, Safdarjung Enclave",540.0,1,30.0
Krishna Nagar-Safdarjung Enclave,810.0,2,85.0
"Safdarjung Enclave carpet area 3250 sqft status Ready to Move floor 1 out of 4 floors transaction Resale furnishing Semi-Furnished facing North - East overlooking Garden/Park, Main Road car parking 1 Covered bathroom 4 balcony 3 ownership Freehold Near Buy Green park Metro station. The location of the property is Awesome and Peaceful. The construction is very Highend and Very tasteful Done-up. The Same property is location on the FF. 4 Side corner read more Contact Agent Enquire Now Share Feedback Crisil Silver Agent Findahouse Real Estate Consultants LLP 2000+ Buyers Served",3250.0,4,550.0
Safdarjung Enclave,1600.0,3,225.0
Safdarjung Enclave,4000.0,4,725.0
Safdarjung Enclave,5500.0,6,1600.0
Krishna Nagar-Safdarjung Enclave,900.0,3,125.0
Safdarjung Enclave,972.0,2,170.0
Safdarjung Enclave,4150.0,4,825.0
Safdarjung Enclave,2250.0,4,550.0
Safdarjung Enclave,1650.0,3,350.0
Safdarjung Enclave carpet area 290 sqyrd status Ready to Move floor 2 out of 3 floors transaction Resale furnishing Semi-Furnished facing West overlooking Main Road car parking 2 Open bathroom 4 balcony 3 ownership Freehold Opposite Deer Park.The property comes with independent Terrace. The area is centrally located and close to ring road which allows easy acess to all other areas.Renowned Delhi Lawn Tennis Association is within 10 minutes walking distance.Green park market is walkable distance. read more Contact Owner View Phone No. Share Feedback Owner Hemant pajankar,2610.0,4,425.0
"Arjun Nagar, Safdarjung Enclave",600.0,2,47.0
Safdarjung Enclave,1700.0,4,525.0
Safdarjung Enclave,2250.0,4,800.0
"Arjun Nagar, Safdarjung Enclave",880.0,3,110.0
Safdarjung Enclave,4200.0,4,740.0
"Safdarjung Enclave carpet area 1450 sqft status Ready to Move floor 3 out of 4 floors transaction Resale furnishing Semi-Furnished facing North - East overlooking Garden/Park, Main Road car parking 1 Covered, 1 Open bathroom 3 balcony 2 ownership Freehold Park facing builder floor apartment available for sale in safderjung enclave, 3 bedroom with attached bathroom, drawing dinning, modular kitchen. the property is on the top floor of a four storey building with terrace right, servant quarter, 1 car parking in stilt. read more Contact Agent View Phone No. Share Feedback Agent Delhi Homes Realty 1000+ Buyers Served",1450.0,3,375.0
"Safdarjung Enclave super area 2200 sqft status Ready to Move floor 2 out of 4 floors transaction New Property furnishing Semi-Furnished facing South overlooking Main Road car parking 3 Covered, 2 Open bathroom 4 balcony 3 ownership Freehold Newly Constructed Property Wide Road 450 Yards 2nd floor brand new 4 bhk attached bathrooms with full lighted and ventilated house.Most Valuable DealSEE TO BELIEVE read more Contact Agent View Phone No. Share Feedback Crisil Bronze Agent Panchsheel Homes 500+ Buyers Served",2200.0,4,525.0
"Reserve Bank Enclave, Paschim Vihar",1620.0,3,260.0
Paschim Vihar,1078.0,3,155.0
"Pushkar Enclave, Paschim Vihar",1710.0,3,220.0
Paschim Vihar Block B2,1150.0,3,210.0
"Paschimpuri, Paschim Vihar",450.0,2,50.0
Paschim Vihar,1818.0,3,220.0
Paschim Vihar Block B4,1800.0,3,265.0
Paschim Vihar How Auctions work? The borrower has the physical possession of the Property. However the lender (Bank) can legally sell the Property. carpet area 780 sqft status Ready to Move floor Ground out of 3 floors transaction Resale furnishing Unfurnished facing West bathroom 2 balcony 1 ownership Freehold Contact Now Enquire Now Auction By Bank,780.0,2,87.7
"DDA Lig Flats, Paschim Vihar carpet area 45 sqyrd status Ready to Move floor 4 out of 4 floors transaction Resale furnishing Semi-Furnished facing East overlooking Garden/Park, Main Road society DDA Lig Flats bathroom 1 balcony 1 ownership Freehold East Facing Property Expected price for the Flat is kept at 45 Lac. This is a 1 bedroom apartment present in DDA Lig Flats, Paschim Vihar. It measures an area of 45 Sq-m. It is on 4 floor out of 4 floors in the tower and is also well ventilated. The Flat has 1 washroom and also has 1 spacious balcony. read more Contact Owner View Phone No. Share Feedback Owner Anil",405.0,1,45.0
Paschim Vihar,900.0,2,85.0
"Archana Apartment, Paschim Vihar",807.2925,2,86.0
"Guru Harikishan Nagar, Paschim Vihar",2700.0,4,425.0
Paschim Vihar,1100.0,3,131.0
"Paschimpuri, Paschim Vihar",585.0,2,70.0
"Mianwali Nagar, Paschim Vihar",2152.78,3,300.0
"Navbharat Apartment, Paschim Vihar Block B1",960.0,2,130.0
Paschim Vihar Block A2,1800.0,4,231.0
Paschim Vihar,1100.0,3,160.0
Paschim Vihar,900.0,2,125.0
"LIC Colony, Paschim Vihar",1620.0,3,245.0
"Paschimpuri, Paschim Vihar",378.0,1,32.0
"DDA Lig Flats, Paschim Vihar",800.0,3,63.0
"Pushkar Enclave, Paschim Vihar",1350.0,3,150.0
"Paschim Vihar carpet area 850 sqft status Ready to Move floor 2 out of 4 floors transaction Resale furnishing Unfurnished facing North overlooking Garden/Park bathroom 3 balcony 1 ownership Freehold If you want to live a contended, pollution-free and peaceful life with your family and children, here is the once in a lifetime opportunity awaiting your attention!! Presenting a 3BHK ready to move flat up for sale in Paschim Vihar, which is becoming a dream residential area for its ability to provide a slice of authentic New Delhi city life. Property SpecificationsWell-knitted and planned on the super area of 900 sq ft is this 2bhk flat where the owner enjoys the complete rights of the freehold ownership. In a low-rise building of four-floors, this impressive infrastructure is positioned on the second floor, hence the residents can experience the greatest possible cross ventilation and natural sunlight.Though the age of construction is between 15-20 years, this north-facing flat is perfectly maintained and features 3 spacious bedrooms, 2 bathrooms, 2 airy balconies, a dining room, a living room, and a kitchen. All the bedrooms are adorned with decorative wardrobes offered with enough space for storage of clothes and other valuables.The attached toilet is designed in Indian fashion which is mounted-up with a geyser where you can enjoy a hot water bath, while the bathroom available for common use fashioned in the western genre.Further, an eye-catching view of the lush green garden is visible from the two well-aligned balconies where you can enjoy a hot cup of tea, where one balcony is connected to the bedroom, while the other balcony opens to the lobby. Bedecked with a granite countertop, a piped gas connection, and a chimney, the contemporarily designed modular kitchen is also provided with a wash area and also sufficient space for fridge.The entire flat is polished up with the good quality tiles which are easy to install and can be quite pleasant and comfortable underfoot.FacilitiesKeeping in mind the convenience of the residents, some of the basic facilities such as an unrestricted supply of water, and power backup with invertor. Additionally, one open parking space for 1 vehicle read more Contact Owner Share Feedback Owner Yogeet",850.0,3,57.0
"Shubh Niketan, Paschim Vihar",1580.0,3,210.0
Paschim Vihar,820.0,2,75.0
"Ashoka Apartment, Paschim Vihar Block A2",594.0,2,65.0
Paschim Vihar Block B4,14220.0,3,275.0
"Guru Harikishan Nagar, Paschim Vihar",800.0,3,120.0
"Sunder Apartments, Sunder Vihar, Paschim Vihar",1500.0,3,180.0
"Ashirwad Apartments, Dwarka",1600.0,3,156.0
"Rajasthan Apartment, Aashirwaad Chowk, Dwarka",1650.0,3,155.0
"Rajasthan Apartment, Aashirwaad Chowk, Dwarka",1600.0,3,152.0
"Gold Croft Apartment, Aashirwaad Chowk, Dwarka",1900.0,3,250.0
"Chanakya Apartments, Aashirwaad Chowk, Dwarka",1400.0,3,150.0
"Bank Apartments, Aashirwaad Chowk, Dwarka carpet area 1550 sqft status Ready to Move floor 7 out of 7 floors transaction Resale furnishing Semi-Furnished facing North - East overlooking Garden/Park, Main Road society Bank Apartments car parking 1 Covered, 1 Open bathroom 2 balcony 3 ownership Freehold A spacious 3 Bedroom flat is available for sale in Dwarka , New Delhi.it is cornor building plenty of sunlight and airy. It is located on the 2 Floor. It has a covered area of 1500 Sq-ft. The flat has vitrified tiles & Mosiac flooring. The flat has 24 Hours Available water supply and No/Rare Powercut.. The property is fantastically located and is much sought-after. The property is available at a very competitive Price. read more Contact Agent View Phone No. Share Feedback Sikka Realtors Has Maximum Property Options Is the Top Agent of the Locality Is Trusted by All Users CRISIL Rating No of employees 12 Sikka Realtors Certified Agent Locality Superstar Aashirwaad Chowk, Dwarka 2500+ Buyers Served",1550.0,3,158.0
"Mohinder Apartments, Aashirwaad Chowk, Dwarka",2000.0,4,315.0
"Bank Apartments, Aashirwaad Chowk, Dwarka",1500.0,3,140.0
"Aashirwaad Chowk, Dwarka",1550.0,3,132.0
"Bank Apartments, Aashirwaad Chowk, Dwarka",1600.0,3,158.0
"Saheta Apartment, Aashirwaad Chowk, Dwarka",1600.0,3,162.0
"Pushpanjali Apartments, Aashirwaad Chowk, Dwarka",1800.0,3,155.0
"Aashirwaad Chowk, Dwarka",1470.0,3,145.0
"Aashirwaad Chowk, Dwarka",1500.0,3,149.0
"Green Heavens Apartment, Aashirwaad Chowk, Dwarka",1750.0,3,172.0
"Hum Sub Apartment, Aashirwaad Chowk, Dwarka",1650.0,3,180.0
"Aashirwaad Chowk, Dwarka",1850.0,3,155.0
"Bank Apartments, Aashirwaad Chowk, Dwarka",1480.0,3,158.0
"Defence Officers Apartment, Aashirwaad Chowk, Dwarka",1214.0,2,126.0
"Aashirwaad Chowk, Dwarka",1380.0,3,150.0
"Sanchar Vihar Apartment, Aashirwaad Chowk, Dwarka",1600.0,4,195.0
"Sarve Satyam Apartment, Aashirwaad Chowk, Dwarka",1585.0,3,166.0
"Aashirwaad Chowk, Dwarka",1700.0,3,172.0
"Palm Green Apartment, Aashirwaad Chowk, Dwarka",1200.0,2,130.0
"Neelachal, Aashirwaad Chowk, Dwarka",1800.0,4,165.0
"Kailash Apartments, Aashirwaad Chowk, Dwarka",1000.0,2,107.0
"New Jyoti Apartments, Aashirwaad Chowk, Dwarka",1500.0,3,162.0
"Green Heavens Apartment, Aashirwaad Chowk, Dwarka",1700.0,3,165.0
"PNB Employees Apartment, Aashirwaad Chowk, Dwarka",1750.0,3,149.0
"Sadbhawna CGHS, Aashirwaad Chowk, Dwarka",2700.0,4,275.0
Commonwealth Games Village 2010,3050.0,5,625.0
"Common Wealth Games Village, Commonwealth Games Village 2010",3405.0,5,700.0
Commonwealth Games Village 2010,1500.0,3,355.0
"Common Wealth Games Village, Commonwealth Games Village 2010",2105.0,3,421.0
"Project Commonwealth Games Village 2010, Akshardham Temple",2500.0,4,425.0
"Common Wealth Games Village, Commonwealth Games Village 2010",2090.0,3,440.0
"Project Commonwealth Games Village 2010, Commonwealth Games Village 2010",2525.0,4,432.0
"Project Commonwealth Games Village 2010, Commonwealth Games Village 2010",2500.0,4,525.0
"Common Wealth Games Village, Commonwealth Games Village 2010",2100.0,3,343.0
"Project Commonwealth Games Village 2010, Akshardham Temple",2022.0,3,380.0
Commonwealth Games Village 2010,2650.0,4,525.0
"Common Wealth Games Village, Commonwealth Games Village 2010",1850.0,3,375.0
"Common Wealth Games Village, Commonwealth Games Village 2010",2100.0,3,370.0
Commonwealth Games Village 2010,1700.0,3,400.0
"Common Wealth Games Village, Commonwealth Games Village 2010",2105.0,3,362.0
"Common Wealth Games Village, Commonwealth Games Village 2010",1250.0,2,290.0
"Project Commonwealth Games Village 2010, Commonwealth Games Village 2010",2552.0,4,425.0
Commonwealth Games Village 2010,3112.0,5,600.0
"Project Commonwealth Games Village 2010, Commonwealth Games Village 2010",2125.0,3,365.0
"Common Wealth Games Village, Commonwealth Games Village 2010",2065.0,3,425.0
"Common Wealth Games Village, Commonwealth Games Village 2010",3405.0,5,715.0
"Common Wealth Games Village, Commonwealth Games Village 2010",3050.0,5,650.0
"Common Wealth Games Village, Commonwealth Games Village 2010",2300.0,5,580.0
Commonwealth Games Village 2010,1455.0,2,275.0
"Project Commonwealth Games Village 2010, Commonwealth Games Village 2010",3400.0,5,700.0
"Common Wealth Games Village, Commonwealth Games Village 2010",3100.0,5,650.0
"Common Wealth Games Village, Commonwealth Games Village 2010",1400.0,2,286.0
"Common Wealth Games Village, Commonwealth Games Village 2010",2126.0,3,390.0
Commonwealth Games Village 2010,1815.0,3,325.0
"Project Commonwealth Games Village 2010, Commonwealth Games Village 2010",1700.0,3,340.0
Alaknanda,700.0,2,165.0
"Shivalik Apartments, Alaknanda",980.0,2,138.0
"Narmada Apartment, Alaknanda",1350.0,3,210.0
"Gangotri Enclave, Alaknanda",1800.0,3,225.0
"Aravali Apartments, Alaknanda",968.751,2,150.0
"Narmada Apartment, Alaknanda",1250.0,3,200.0
"Aravali Apartments, Alaknanda",1800.0,3,200.0
"Shivalik Apartments, Alaknanda",1400.0,3,260.0
"Narmada Apartment, Alaknanda",1000.0,3,195.0
"Tara Apartment, Alaknanda",1800.0,4,215.0
Alaknanda,1500.0,3,265.0
"Narmada Apartment, Alaknanda",1600.0,3,200.0
"Narmada Apartment, Alaknanda carpet area 1400 sqft status Ready to Move floor Ground out of 3 floors transaction Resale furnishing Furnished facing North - East overlooking Garden/Park, Main Road society Narmada Apartment car parking 1 Open bathroom 3 balcony 1 ownership Freehold Near Alaknanda Main Market & Greater Kailash Metro Station. A very good 3 bhk flat for sale in rwa Narmada Apartment, delhi south. It is a superb property and offers an excellent view. The flat is unfurnished. It promises a comfortable stay. It is feng shuivaastu compliant, which is considered to bring positive energy. The appeal of the flat has been increased with the availability of a pipedGa. Indeed, the society too has multiple facilities for enjoyment, such as club housecommunity center and fitness centregym etc. It also has rain water harvesting system. It has a super builtUp area of 180 sq. Yards. read more Contact Agent View Phone No. Share Feedback Agent Sulabh Estate",1400.0,3,180.0
Alaknanda,1400.0,3,190.0
Greater Kailash 4 Nri Colony,2700.0,4,365.0
Alaknanda,1100.0,2,150.0
Alaknanda,1200.0,2,175.0
Alaknanda,1400.0,2,140.0
"Project Gangotri Enclave, Alaknanda",1500.0,3,210.0
Alaknanda,1320.0,3,156.0
"Project Gangotri Enclave, Gangotri Enclave, Alaknanda",1300.0,3,190.0
"Narmada Apartment, Alaknanda",1150.0,2,165.0
Alaknanda,1440.0,3,190.0
"Nilgiri Apartment, Alaknanda",1400.0,2,165.0
Alaknanda,450.0,1,30.0
"Yamuna Apartment, Alaknanda",1300.0,2,150.0
"Nilgiri Apartment, Alaknanda",1200.0,2,143.0
"Nilgiri Apartment, Alaknanda",1300.0,3,185.0
"Tara Apartment, Alaknanda carpet area 1400 sqft status Ready to Move floor 2 out of 3 floors transaction Resale furnishing Furnished facing North - East overlooking Garden/Park society Tara Apartment car parking 1 Covered, 1 Open bathroom 3 balcony 4 ownership Freehold Near Alaknanda Main Market, Jamia Humderd University & Batra hospital. A very good 3 bhk flat for sale in rwa Tara Apartment, delhi south. It is a superb property and offers an excellent view. The flat is unfurnished. It promises a comfortable stay. It is feng shuivaastu compliant, which is considered to bring positive energy. The appeal of the flat has been increased with the availability of a pipedGa. Indeed, the society too has multiple facilities for enjoyment, such as club housecommunity center and fitness centregym etc. It also has rain water harvesting system. It has a super builtUp area of 180 sq. Yards. Other f read more Contact Agent View Phone No. Share Feedback Agent Sulabh Estate",1400.0,3,190.0
Alaknanda,1400.0,3,190.0
"Sarita Vihar, Mathura Road carpet area 1500 sqft status Ready to Move floor 2 out of 4 floors transaction Resale ownership Freehold overlooking Main Road car parking 1 Open bathroom 2 balcony 2 furnishing Unfurnished For sale second third duplex .spacious 3 bedrooms with 2 washrooms drawing and dining and moduler kitchen one scooter garrage. read more Contact Agent View Phone No. Share Feedback Shree Balaji Real Estate Pvt. Ltd. Has Maximum Property Options Is the Top Agent of the Locality Is Trusted by All Users 21 Property Options in Sarita Vihar, Mathura Road Shree Balaji Real Estate Pvt. Ltd. Certified Agent Locality Superstar Maximum options in Sarita Vihar, Mathura Road",1500.0,3,135.0
"DDA Flats, Sarita Vihar, Mathura Road carpet area 1600 sqft status Ready to Move floor 1 out of 4 floors transaction Resale furnishing Semi-Furnished facing North - East overlooking Main Road society DDA Flats car parking 2 Open bathroom 2 balcony 2 ownership Freehold For sale First second third duplex in sarita vihar DDA Flates . this house free hold property clear titel . this flate well maintained and spacious peacefull location . no issue light water and parking read more Contact Agent View Phone No. Share Feedback Shree Balaji Real Estate Pvt. Ltd. Has Maximum Property Options Is the Top Agent of the Locality Is Trusted by All Users 21 Property Options in Sarita Vihar, Mathura Road Shree Balaji Real Estate Pvt. Ltd. Certified Agent Locality Superstar Maximum options in Sarita Vihar, Mathura Road",1600.0,4,158.0
"DDA Flats Sarita Vihar, Sarita Vihar, Mathura Road",1200.0,10,170.0
"DDA Flats, Sarita Vihar, Mathura Road carpet area 1600 sqft status Ready to Move floor Ground out of 4 floors transaction Resale furnishing Semi-Furnished facing North - West overlooking Main Road society DDA Flats car parking 1 Open bathroom 2 balcony 2 ownership Freehold For slae Ground First Duplex in sarita vihar .posh locality in south delhi DDa coloney . This house spacious 4 bedrooms with 2 washrooms drawing and dinning . free hold proerty clear titel . near by all amnites . well develop location . read more Contact Agent View Phone No. Share Feedback Shree Balaji Real Estate Pvt. Ltd. Has Maximum Property Options Is the Top Agent of the Locality Is Trusted by All Users 21 Property Options in Sarita Vihar, Mathura Road Shree Balaji Real Estate Pvt. Ltd. Certified Agent Locality Superstar Maximum options in Sarita Vihar, Mathura Road",1600.0,4,155.0
"DDA Flats Sarita Vihar, Sarita Vihar, Mathura Road",1250.0,3,160.0
"DDA Flats Sarita Vihar, Sarita Vihar, Mathura Road",950.0,2,129.0
"DDA Flats Sarita Vihar, Sarita Vihar, Mathura Road",1200.0,3,135.0
"DDA Flats Sarita Vihar, Sarita Vihar, Mathura Road",1400.0,4,178.0
"DDA Flats Sarita Vihar, Sarita Vihar, Mathura Road",950.0,2,132.0
"DDA Flats Sarita Vihar, Sarita Vihar, Mathura Road",1350.0,3,140.0
"DDA Flats Sarita Vihar, Sarita Vihar, Mathura Road",1550.0,4,175.0
"DDA Flats Sarita Vihar, Sarita Vihar, Mathura Road",1300.0,3,170.0
"DDA Flats Sarita Vihar, Sarita Vihar Pocket K",1000.0,2,130.0
"DDA Flats Sarita Vihar, Sarita Vihar Pocket K",1500.0,3,170.0
"DDA Flats Sarita Vihar, Sarita Vihar, Mathura Road",950.0,2,127.0
"DDA Flats Sarita Vihar, Sarita Vihar, Mathura Road",1200.0,3,135.0
"DDA Flats Sarita Vihar, Sarita Vihar, Mathura Road",1400.0,4,174.0
"DDA Flats Sarita Vihar, Sarita Vihar, Mathura Road",1500.0,4,178.0
"DDA Flats Sarita Vihar, Sarita Vihar, Mathura Road",1050.0,2,127.0
"DDA Flats Sarita Vihar, Sarita Vihar, Mathura Road",1550.0,4,162.0
"DDA Flats Sarita Vihar, Sarita Vihar, Mathura Road",950.0,2,111.0
"DDA Flats Sarita Vihar, Sarita Vihar, Mathura Road",1150.0,2,136.0
"DDA Flats Sarita Vihar, Sarita Vihar Pocket K",1150.0,2,131.0
"DDA Flats Sarita Vihar, Sarita Vihar, Mathura Road",1150.0,2,125.0
"DDA Flats Sarita Vihar, Sarita Vihar, Mathura Road",1500.0,3,136.0
"Sidharth Enclave, Kilokri, Ring Road",1800.0,4,120.0
"Sidharth Enclave, Kilokri, Ring Road",1300.0,3,200.0
Sarita Vihar Pocket B,1150.0,2,135.0
Sarita Vihar Pocket F,1500.0,3,140.0
"DDA Flats, Sarita Vihar, Mathura Road carpet area 1150 sqft status Ready to Move floor 3 out of 3 floors transaction Resale furnishing Semi-Furnished facing North - East overlooking Main Road society DDA Flats car parking 2 Open bathroom 2 balcony 3 ownership Freehold 2 BHK flat available for sale in sarita vihar excellent interiors flooring in all bedrooms complete wood work modular kitchen beautiful bathrooms extremely well maintained ample parking space read more Contact Agent View Phone No. Share Feedback Lavish Associates Certified Agent Trusted by Users Genuine Listings Market Knowledge",1150.0,2,108.0
"New Manglapuri, Sultanpur",900.0,3,90.0
"New Manglapuri, Sultanpur",1150.0,3,63.0
Sultanpur Extension,1000.0,3,55.0
"New Manglapuri, Sultanpur",450.0,1,23.5
Sultanpur,1350.0,3,85.0
Sultanpur Extension,445.0,1,16.5
"Manglapuri, Sultanpur",1200.0,2,100.0
"Indra Park Palam, Manglapuri",50.0,1,15.0
"Sultanpur carpet area 1100 sqft status Ready to Move floor 1 out of 4 floors transaction Resale furnishing Semi-Furnished overlooking Main Road car parking 1 Covered bathroom 2 balcony 2 ownership Freehold 2 bhk flat available in sultanpur, near metro station, loan facility available, with registry, all the modern facilities are variable, with car parking, near market, fully ventilated. read more Contact Agent View Phone No. Share Feedback Agent Delhi Dream 3500+ Buyers Served",1100.0,2,28.0
Sultanpur Extension,700.0,2,26.0
"New Manglapuri, Sultanpur",500.0,1,23.5
Sultanpur Extension,540.0,1,23.5
Sultanpur,450.0,1,20.0
Sultanpur,800.0,2,50.0
"New Manglapuri, Sultanpur",700.0,2,35.0
Sultanpur,750.0,2,45.0
Sultanpur,750.0,2,40.0
"New Manglapuri, Sultanpur",1600.0,3,108.0
"New Manglapuri, Sultanpur",1000.0,3,100.0
"New Manglapuri, Sultanpur",1600.0,3,108.0
"Manglapuri, Sultanpur",900.0,3,90.0
"New Manglapuri, Sultanpur",1700.0,3,85.0
"New Manglapuri, Sultanpur",1100.0,3,60.0
"New Manglapuri, Sultanpur",1000.0,3,55.0
"Manglapuri, Sultanpur",1000.0,3,70.0
Sultanpur,1100.0,3,60.0
"Manglapuri, Sultanpur",765.0,3,37.0
"Indra Park Palam, Manglapuri",900.0,2,31.0
Sultanpur,600.0,2,45.0
"Indra Park Palam, Manglapuri",360.0,1,15.0
Chhattarpur,950.0,3,70.9
"Chhattarpur carpet area 400 sqyrd status Ready to Move transaction New Property furnishing Semi-Furnished car parking 1 Covered, 1 Open bathroom 2 balcony 1 Newly Constructed Property It's a Ground floor Builder Floor Apartment in a building of total 4 floors. The Builder Floor Apartment is newly constructed. Prime facilities are easily accessible from this place with Oxford Angel Public School (0 km ). Other key neighbourhood are Abdul Gaffar Khan Market (0 km ). read more Contact Agent View Phone No. Share Feedback Home Hunt Has Maximum Property Options Is the Top Agent of the Locality Is Trusted by All Users 4 Property Options in Chhattarpur CRISIL Rating Operating Since 2011 No of employees 5 Home Hunt Certified Agent Locality Superstar Chhattarpur 500+ Buyers Served",3600.0,2,45.0
"JVTS Gardens, Chhattarpur",1305.0,4,55.0
Chhattarpur,1800.0,3,630.0
Chhattarpur,950.0,3,69.9
Chhattarpur,800.0,2,44.0
Chhattarpur Enclave Phase2,1800.0,4,125.0
Chhattarpur,800.0,2,30.0
Chhattarpur,675.0,2,28.0
"JVTS Gardens, Chhattarpur",1175.0,3,50.0
Chhattarpur,1500.0,3,60.0
Chhattarpur,810.0,2,45.0
Chhattarpur Enclave Phase2,630.0,2,28.0
Chhattarpur,650.0,2,25.0
Chhattarpur Enclave Phase2,1800.0,4,85.0
Chhattarpur,725.0,2,30.0
Chhattarpur,900.0,3,49.0
Chhattarpur,750.0,2,35.0
Chhattarpur Enclave Phase2,700.0,2,30.0
Chhattarpur,950.0,3,70.2
"DLF Chattarpur Farms, Chhattarpur",1600.0,3,600.0
Chhattarpur,900.0,2,35.0
Chhattarpur,1500.0,3,70.0
Chhattarpur Enclave Phase2,500.0,2,70.0
Chhattarpur Enclave Phase2,1035.0,3,45.0
"Aravali Tower, Chhattarpur",825.0,3,59.9
Chhattarpur,1300.0,3,44.0
Chhattarpur,765.0,2,25.0
Chhattarpur Enclave Phase2,580.0,1,16.0
Chhattarpur Enclave Phase2,1750.0,3,65.0
Mehrauli,650.0,2,27.5
Mehrauli,405.0,1,15.0
Mehrauli,675.0,2,22.0
Mehrauli,850.0,2,28.0
Mehrauli,800.0,3,45.0
Mehrauli,405.0,1,18.0
Mehrauli,1350.0,3,85.0
Mehrauli,1350.0,3,85.0
Mehrauli,450.0,1,17.0
"Mehrauli carpet area 1300 sqft status Ready to Move floor 2 out of 4 floors transaction New Property furnishing Semi-Furnished facing East overlooking Garden/Park, Main Road car parking 2 Covered bathroom 3 balcony 2 ownership Freehold 3 bhk flat with attached washroom, modular kitchen, IInd floor, one car and one bike parking, lift, gated society, security, cctv camera, water backup. read more Contact Agent View Phone No. Share Feedback Agent India Bhoomi",1300.0,3,70.0
Mehrauli,1050.0,3,56.0
Mehrauli,1675.0,4,135.0
Mehrauli,1250.0,3,85.0
Mehrauli,1080.0,3,60.0
"Andheria Mor, Mehrauli",1170.0,3,72.0
Mehrauli carpet area 1250 sqft status Ready to Move floor Ground out of 8 floors transaction Resale furnishing Semi-Furnished facing East overlooking Main Road car parking 1 Covered bathroom 2 balcony 3 ownership Freehold The flat located are very good condition and well developed area. The flat area are very spaciable. This flat balcony view is very best society very neat and clean. read more Contact Agent View Phone No. Share Feedback Agent Bharti Real Estate 100+ Buyers Served,1250.0,3,65.0
"Andheria Mor, Mehrauli",1500.0,3,84.0
Mehrauli,1350.0,3,85.0
Mehrauli,855.0,2,40.0
Mehrauli,540.0,1,17.0
Mehrauli,1044.0983,3,60.0
Mehrauli,405.0,1,16.0
Mehrauli,500.0,1,21.0
Mehrauli,450.0,1,17.0
"Andheria Mor, Mehrauli",405.0,1,15.0
Mehrauli,405.0,1,12.0
"Brijwasi Colony, Mehrauli",450.0,1,16.5
Mehrauli,173.0,2,35.0
Mehrauli,1100.0,3,85.0
Mehrauli,600.0,2,32.0
Mahavir Enclave,800.0,3,44.0
Mahavir Enclave Part 1,990.0,4,72.0
Mahavir Enclave Part 1,1100.0,3,75.0
Mahavir Enclave,1100.0,3,65.0
Mahavir Enclave Part 1,527.0,2,35.0
Mahavir Enclave Part 1 carpet area 1000 sqft status Ready to Move floor 2 out of 4 floors transaction Resale furnishing Semi-Furnished facing East car parking 1 Covered bathroom 2 balcony 2 East Facing Property this property is for sale purpose.......................... Contact Owner View Phone No. Share Feedback Owner Twinkle Sudan,1000.0,2,65.0
Mahavir Enclave Part 1,1000.0,3,62.0
Mahavir Enclave Part 1,450.0,1,25.0
Mahavir Enclave,600.0,2,30.0
Mahavir Enclave Part 1,950.0,3,60.0
Mahavir Enclave Part 1,855.0,3,48.0
Mahavir Enclave,770.0,2,37.9
Mahavir Enclave,810.0,3,42.0
Mahavir Enclave,710.0,2,29.0
Mahavir Enclave Part 1,950.0,3,50.0
Mahavir Enclave Part 1,450.0,1,21.0
Mahavir Enclave Part 1,500.0,2,32.0
Mahavir Enclave Part 1,600.0,2,30.0
Mahavir Enclave Part 1,420.0,1,23.0
Mahavir Enclave Part 1,900.0,3,59.0
Mahavir Enclave Part 1,945.0,3,55.0
Mahavir Enclave carpet area 565 sqft status Ready to Move floor Ground out of 1 floor transaction Resale furnishing Unfurnished facing East car parking 1 Covered bathroom 2 balcony 1 ownership Freehold East Facing Property This Freehold Builder Floor Apartment is located at Ground floor in a building of total 1 floors. The age of construction for this apartment Builder Floor Apartment is Less than 5 years. High quality flooring of types Granite are available in different rooms. read more Contact Owner View Phone No. Share Feedback Owner Adesh Sah,565.0,2,35.0
Mahavir Enclave Part 3,450.0,2,17.0
Mahavir Enclave,430.0,1,18.5
Mahavir Enclave,550.0,2,23.0
Mahavir Enclave,810.0,3,38.0
Mahavir Enclave Part 1,720.0,3,45.0
"Vijay Enclave, Mahavir Enclave",360.0,2,22.0
Mahavir Enclave,820.0,3,52.0
Mahavir Enclave Part 3,459.0,2,22.0
"Narela Sector A1 carpet area 42 sqyrd status Ready to Move floor Ground out of 5 floors transaction Resale furnishing Unfurnished facing North - East overlooking Garden/Park, Main Road car parking 2 Open bathroom 2 balcony 2 ownership Freehold Near bawana industrial area and j.j. colony. DDA Housing property LIG FLAT very nice property for single family 200 hundreds family already living IN THIS SOCIETY and very piece full atmosphere this society 24 hour guards all facility available read more Contact Owner View Phone No. Share Feedback Owner Vivek Gupta",378.0,1,15.0
"DDA Flats Pocket 6 Sector A10, Narela",450.0,1,22.0
"DDA Flats Pocket 1 Sector A9, Narela",900.0,2,38.0
"DDA Janta Flats, Tikri Khurd Sector B2, Narela",360.0,1,18.0
Narela,559.7228,2,28.5
Narela,350.0,1,25.0
Narela,365.0,1,35.0
"DDA Lig Flats, Narela",390.0,1,20.0
"DDA Flats Pocket 3, Narela",350.0,1,30.0
"DDA Lig Flats, Narela",210.0,1,20.0
"DDA Lig Flats, Narela",50.0,1,35.0
"DDA Pocket H, Narela",500.0,1,18.0
"DDA Lig Flats, Narela",350.0,1,16.0
"DDA Lig Flats, Narela",379.0,1,16.0
Narela,236.8058,1,20.0
Narela Mandi,445.0,1,15.0
"DDA Flats Pocket 6 Sector A10, Narela",452.0838,2,30.0
Narela,350.0,1,14.9
"DDA Lig Flats, Narela",437.0,1,35.0
"Bhorgarh, Narela",61.0,3,40.0
Narela,495.0,2,17.5
Narela Sector A9,900.0,2,46.0
"DDA Lig Flats, Narela",350.0,1,18.0
Narela,585.0,2,19.0
Narela Sector A5,198.0,1,10.0
"DDA Lig Flats, Narela",4900.0,1,10.0
"DDA Flats Pocket 3, Narela",2077.4327,1,10.0
"DDA Lig Flats, Narela",50.0,1,35.0
Narela,990.0,3,50.0
Narela,425.0,1,22.0
Malviya Nagar,750.0,2,130.0
"Shivalik, Malviya Nagar",1400.0,3,340.0
"Geetanjali Enclave, Malviya Nagar",3600.0,4,600.0
"Geetanjali Enclave, Malviya Nagar",3000.0,4,745.0
"Geetanjali Enclave, Malviya Nagar",2750.0,4,750.0
"Geetanjali Enclave, Malviya Nagar",2050.0,4,625.0
"Geetanjali Enclave Project, Geetanjali Enclave, Malviya Nagar",3000.0,4,670.0
Malviya Nagar,850.0,2,85.0
Malviya Nagar,750.0,2,115.0
"Geetanjali Enclave Project, Geetanjali Enclave, Malviya Nagar",2600.0,4,525.0
Malviya Nagar,800.0,2,120.0
Malviya Nagar,550.0,2,107.0
Malviya Nagar,700.0,2,90.0
"Geetanjali Enclave, Malviya Nagar",2316.0,3,1000.0
"Khirki extension, Malviya Nagar",900.0,3,62.0
Malviya Nagar,100.0,3,170.0
"Malviya Nagar carpet area 100 sqyrd status Ready to Move floor 2 out of 3 floors transaction Resale furnishing Semi-Furnished facing North overlooking Garden/Park, Main Road car parking 2 Open bathroom 3 balcony 2 ownership Freehold It's a Corner three story building, located in South Delhi. Amenities like Market, Schools, Hospitals, Parks, Gyms, Study Centers, Temple are all around. Very Close to Malviya Nagar Metro and Haus Khas Metro Station. Centerlize place to live. Whether you go to Gurgaon or Noida Or to other parts of the city, commuting from here is very easy. read more Contact Owner View Phone No. Share Feedback Owner Rohit",900.0,2,125.0
Malviya Nagar,1500.0,2,130.0
"Khirki extension, Malviya Nagar",650.0,3,42.0
Malviya Nagar,2000.0,4,360.0
Malviya Nagar,500.0,1,23.0
Malviya Nagar,1125.0,2,81.0
Malviya Nagar,1300.0,3,100.0
"Geetanjali Enclave, Malviya Nagar",2500.0,4,625.0
"Geetanjali Enclave, Malviya Nagar",2200.0,4,650.0
Malviya Nagar,1290.0,3,200.0
"Geetanjali Enclave, Malviya Nagar",2250.0,4,575.0
"Shivalik, Malviya Nagar",1350.0,3,300.0
"Shivalik, Malviya Nagar",1400.0,3,300.0
"Shivalik, Malviya Nagar",1700.0,3,300.0
"Dilshad Colony, Dilshad Garden",450.0,1,33.0
"Guru Teg Bahadur Enclave, Dilshad Garden",750.0,2,73.5
"Dilshad Garden carpet area 1500 sqft status Ready to Move floor 2 out of 4 floors transaction Resale furnishing Unfurnished bathroom 1 balcony 2 Mig dda flat located at a very prime location near to market, school, hospital, metro station etc. Contact Owner View Phone No. Share Feedback Owner R",1500.0,4,125.0
"Dilshad Colony, Dilshad Garden",400.0,1,35.0
"Dilshad Colony, Dilshad Garden",650.0,2,65.0
"Dilshad Colony, Dilshad Garden",900.0,2,69.0
"Dilshad Colony, Dilshad Garden",400.0,1,36.0
"Dilshad Colony, Dilshad Garden",900.0,3,135.0
"DDA Flats Block A, Dilshad Garden",1000.0,3,92.0
"Dilshad Colony, Dilshad Garden",405.0,1,25.0
"DDA Flats Block A, Dilshad Garden",1700.0,3,170.0
Dilshad Garden,800.0,3,90.3
"Dilshad Colony, Dilshad Garden",1076.39,3,93.0
"DDA Pocket JK, Dilshad Garden",750.0,2,65.0
"Dilshad Colony, Dilshad Garden",460.0,2,33.0
"Dilshad Colony, Dilshad Garden",370.0,1,24.0
"Dilshad Colony, Dilshad Garden",1800.0,3,150.0
Dilshad Garden,1080.0,3,70.0
"DDA Pocket E, Dilshad Garden",350.0,1,42.0
Dilshad Garden,500.0,2,58.0
"Dilshad Colony, Dilshad Garden",900.0,3,48.0
"Dilshad Colony, Dilshad Garden",800.0,2,75.0
"DDA Flats Pocket O, Dilshad Garden",350.0,1,30.0
Dilshad Garden,430.556,1,43.0
"Dilshad Colony, Dilshad Garden",500.0,1,26.0
Dilshad Garden,1450.0,2,70.0
"Dilshad Colony, Dilshad Garden",800.0,2,60.0
"Dilshad Colony, Dilshad Garden",1000.0,2,67.0
"DDA Pocket I, Dilshad Garden",1000.0,3,95.0
"DDA Flats Block A, Dilshad Garden",1600.0,3,170.0
Vasundhara Enclave,900.0,2,80.0
Vasundhara Enclave,1500.0,3,120.0
Vasundhara Enclave,1050.0,2,90.0
"Samrat Apartment, Vasundhara Enclave",1300.0,3,115.0
"Mangal Apartment, Vasundhara Enclave carpet area 1600 sqft status Ready to Move floor 4 out of 7 floors transaction Resale furnishing Furnished facing South - East overlooking Garden/Park, Main Road society Mangal Apartment car parking 1 Open bathroom 3 balcony 1 ownership Freehold Fully furnished , complete marble flooring, ready to move in. Contact Owner View Phone No. Share Feedback Owner Shailendra",1600.0,4,200.0
"Prayag Apartments, Vasundhara Enclave carpet area 900 sqft status Ready to Move floor 2 out of 4 floors transaction Resale furnishing Semi-Furnished overlooking Garden/Park, Main Road society Prayag Apartments car parking 1 Open bathroom 2 balcony 2 ownership Freehold This is 2 BHK apartment , with 2 Bathroom and one parking.This is East facing Flat.Near Metro Station is Ashok Nagar read more Contact Owner View Phone No. Share Feedback Owner Sameer Kumar",900.0,2,85.5
"Abhimanyu Apartments, Vasundhara Enclave",1350.0,4,105.0
"Fancy Apartments, Vasundhara Enclave",1000.0,3,120.0
"Shantidoot Apartment, Vasundhara Enclave",1400.0,3,110.0
Vasundhara Enclave,975.0,3,120.0
"Mangal Apartment, Vasundhara Enclave",900.0,2,90.0
Vasundhara Enclave,1100.0,2,100.0
Vasundhara Enclave,950.0,2,81.0
Vasundhara Enclave,1300.0,3,92.0
Vasundhara Enclave,1459.0,3,142.0
"Satyam Apartment, Vasundhara Enclave",1000.0,2,75.0
"Samrat Apartment, Vasundhara Enclave",1100.0,2,95.0
"Satyam Apartment, Vasundhara Enclave",1450.0,3,140.0
"Abhimanyu Apartments, Vasundhara Enclave",1450.0,3,116.0
Vasundhara Enclave,1150.0,3,120.0
Vasundhara Enclave,780.0,2,75.0
"Anekant Apartment, Vasundhara Enclave",1300.0,3,98.0
"New Delhi Apartment, Vasundhara Enclave",1350.0,3,120.0
"Mahesh Apartment, Vasundhara Enclave",1200.0,3,125.0
"Pawittra Apartment, Vasundhara Enclave",1460.0,3,165.0
Vasundhara Enclave,1460.0,3,120.0
Vasundhara Enclave,1100.0,2,72.0
"Capital Apartment, Vasundhara Enclave",1500.0,3,150.0
"Hindon Apartment, Vasundhara Enclave",1050.0,2,100.0
"Gobind Apartment, Vasundhara Enclave",1350.0,3,110.0
"Godrej South Estate, Okhla",1500.0,2,247.0
"Godrej South Estate, Okhla",976.0,2,249.0
"Abul Fazal Enclave Part 1, Okhla",540.0,2,36.0
"Batla House, Okhla",450.0,1,17.0
"Sukhdev Vihar, Okhla",900.0,2,110.0
"Sukhdev Vihar, Okhla",2500.0,4,750.0
"Godrej South Estate, Okhla Phase 1",979.5149,2,248.0
"Godrej South Estate, Okhla Phase 1",945.0,2,249.0
"Godrej South Estate, Okhla Phase 1",976.0,2,249.0
"Godrej South Estate, Okhla",1531.0,2,259.0
"Sukhdev Vihar, Okhla",1000.0,2,117.0
"Sukhdev Vihar, Okhla",750.0,3,135.0
"Abul Fazal Enclave Part-II, Okhla",900.0,3,55.0
"Godrej South Estate, Okhla",1512.0,2,300.0
"Abul Fazal Enclave Part 1, Okhla",35.0,3,49.5
"Sukhdev Vihar, Okhla",1500.0,3,160.0
"Sukhdev Vihar, Okhla",2907.0,4,300.0
"Sukhdev Vihar, Okhla",2210.0,4,410.0
"Abul Fazal Enclave Part-II, Okhla",750.0,2,38.0
"Godrej South Estate, Okhla Phase 1",2518.7526,4,689.0
"Jamia Nagar, Okhla",588.0,2,18.0
"Zakir Nagar, New Friends Colony",540.0,2,15.0
"Sukhdev Vihar, Okhla",1100.0,3,125.0
"Batla House, Okhla",550.0,2,16.0
"Batla House Project, Batla House, Okhla",750.0,3,24.0
"Abul Fazal Enclave Part 1, Okhla",1260.0,3,70.0
"Abul Fazal Enclave Part-II, Okhla",675.0,2,31.0
"Sukhdev Vihar, Okhla",810.0,2,145.0
"Sukhdev Vihar, Okhla",3150.0,4,615.0
"Sukhdev Vihar, Okhla",2000.0,4,275.0
"The Amaryllis, Karol Bagh",1775.0,3,255.0
"The Amaryllis, Karol Bagh",1135.0,3,250.0
"The Amaryllis, Karol Bagh",1252.0,2,185.0
"The Amaryllis, Karol Bagh",2000.0,4,397.0
"Dev Nagar, Karol Bagh",530.0,4,68.0
"Beadon Pura, Karol Bagh How Auctions work? The borrower has the physical possession of the Property. However the lender (Bank) can legally sell the Property. carpet area 148 sqyrd status Ready to Move floor 3 out of 3 floors transaction Resale furnishing Semi-Furnished bathroom 2 balcony 3 ownership Freehold Contact Now Enquire Now Auction By Bank",1332.0,3,65.4
"The Amaryllis, Karol Bagh",1017.0,3,220.0
"The Amaryllis, Karol Bagh",1775.0,3,255.0
"The Amaryllis, Karol Bagh",987.0,2,170.0
"The Amaryllis, Karol Bagh",1912.0,3,275.0
"The Amaryllis, Karol Bagh",5236.0,5,737.0
"The Amaryllis, Karol Bagh",2805.0,4,523.0
"DDA Mig Flat, Prasad Nagar, Karol Bagh",1500.0,3,160.0
Karol Bagh,1280.0,3,150.0
"The Amaryllis, Karol Bagh",1775.0,3,255.0
Karol Bagh,675.0,2,100.0
"Prasad Nagar, Karol Bagh",576.0,2,50.0
Karol Bagh,1206.0,3,200.0
"DDA MIG Flats Prasad Nagar Phase 2, Prasad Nagar, Karol Bagh",1143.0,2,160.0
Karol Bagh,345.0,1,55.0
"Dev Nagar, Karol Bagh",720.0,2,70.0
Karol Bagh,468.0,2,41.0
"Karol Bagh carpet area 1600 sqft status Ready to Move floor 3 out of 3 floors transaction New Property furnishing Semi-Furnished facing East overlooking Garden/Park, Main Road car parking 1 Covered, 1 Open bathroom 3 balcony 2 ownership Freehold Near to Karol Bagh Metro station...................................... Its a very peaceful location ....................................................................................................................... read more Contact Agent View Phone No. Share Feedback Agent S R B Properties",1600.0,3,240.0
"DDA MIG Flats Prasad Nagar Phase 2, Prasad Nagar, Karol Bagh",950.0,2,125.0
"Dev Nagar, Karol Bagh",535.0,2,39.0
Karol Bagh,1200.0,3,145.0
"The Amaryllis, Karol Bagh",1501.0,3,200.0
"The Amaryllis, Karol Bagh",1135.0,3,245.0
"The Amaryllis, Karol Bagh",1200.0,3,209.0
"The Amaryllis, Karol Bagh",2200.0,3,431.0
"DLF Capital Greens, Moti Nagar, Kirti Nagar ( 1 km from New Moti Nagar, Kirti Nagar)",1240.0,3,180.0
"DLF Capital Greens, New Moti Nagar, Kirti Nagar",3002.0,4,500.0
"New Moti Nagar, Kirti Nagar",1350.0,3,185.0
"New Moti Nagar, Kirti Nagar",2300.0,4,465.0
"New Moti Nagar, Kirti Nagar",1429.0,3,175.0
"New Moti Nagar, Kirti Nagar",2430.0,4,425.0
"DLF Capital Greens, New Moti Nagar, Kirti Nagar",1450.0,3,155.0
"DLF Capital Greens, New Moti Nagar, Kirti Nagar",1250.0,2,150.0
"DLF Capital Greens, New Moti Nagar, Kirti Nagar",2800.0,4,400.0
"DLF Capital Greens, New Moti Nagar, Kirti Nagar",1646.0,3,200.0
"New Moti Nagar, Kirti Nagar",900.0,2,67.0
"DLF Capital Greens, New Moti Nagar, Kirti Nagar",1250.0,3,160.0
"New Moti Nagar, Kirti Nagar",900.0,3,80.0
"DLF Capital Greens, New Moti Nagar, Kirti Nagar",1590.0,3,250.0
"New Moti Nagar, Kirti Nagar",990.0,3,250.0
"DLF Capital Greens, New Moti Nagar, Kirti Nagar",2282.0,4,375.0
"DLF Capital Greens, New Moti Nagar, Kirti Nagar",1260.0,3,250.0
"New Moti Nagar, Kirti Nagar",1457.0,3,230.0
"New Moti Nagar, Kirti Nagar",1400.0,3,175.0
"DLF Capital Greens, Moti Nagar, Kirti Nagar ( 1 km from New Moti Nagar, Kirti Nagar)",2175.0,4,440.0
"DLF Capital Greens, New Moti Nagar, Kirti Nagar",1450.0,3,150.0
"DLF Capital Greens, New Moti Nagar, Kirti Nagar",2800.0,4,425.0
"New Moti Nagar, Kirti Nagar",861.112,2,50.0
"DLF Capital Greens, New Moti Nagar, Kirti Nagar",2282.0,4,380.0
"DLF Capital Greens, New Moti Nagar, Kirti Nagar",1753.0,3,190.0
"New Moti Nagar, Kirti Nagar",2659.0,4,435.0
"New Moti Nagar, Kirti Nagar",1550.0,3,195.0
"DLF Capital Greens, New Moti Nagar, Kirti Nagar",1470.0,3,142.0
"New Moti Nagar, Kirti Nagar",702.0,3,142.0
"New Moti Nagar, Kirti Nagar",1138.0,2,135.0
Sheikh Sarai Phase 1,1600.0,3,210.0
Sheikh Sarai Phase 1,1600.0,3,225.0
Sheikh Sarai,1250.0,2,190.0
Sheikh Sarai Phase 2,810.0,3,75.0
"Savitri Nagar Village, Sheikh Sarai",585.0,2,40.0
"Savitri Nagar Village, Sheikh Sarai",1700.0,3,80.0
Sheikh Sarai Phase 1,1800.0,3,190.0
Sheikh Sarai Phase 2,600.0,1,70.0
"Panchsheel Vihar, Sheikh Sarai",1250.0,3,58.0
"Savitri Nagar Village, Sheikh Sarai",600.0,3,80.0
Sheikh Sarai Phase 1,1600.0,3,188.0
"Panchsheel Vihar, Sheikh Sarai",1100.0,3,60.0
"Panchsheel Vihar, Sheikh Sarai",450.0,1,22.0
"Savitri Nagar Village, Sheikh Sarai",855.0,3,65.0
Sheikh Sarai Phase 1,1291.668,3,235.0
Sheikh Sarai Phase 1,1300.0,2,160.0
Sheikh Sarai Phase 1,1350.0,3,200.0
Sheikh Sarai Phase 1,900.0,2,55.0
Sheikh Sarai Phase 1,850.0,2,135.0
Sheikh Sarai Phase 1,1650.0,3,225.0
"Panchsheel Vihar, Sheikh Sarai",650.0,2,38.0
"Apna Apartments, Savitri Nagar Village, Sheikh Sarai",630.0,2,46.0
Sheikh Sarai Phase 1,1250.0,2,175.0
"Panchsheel Vihar, Sheikh Sarai",1800.0,4,55.0
Sheikh Sarai Phase 1,1500.0,3,225.0
Sheikh Sarai Phase 1,1100.0,2,125.0
Sheikh Sarai Phase 1,1400.0,3,190.0
Sheikh Sarai Phase 1,1300.0,2,155.0
Sheikh Sarai Phase 1,1100.0,2,135.0
Sheikh Sarai Phase 1,1600.0,3,210.0
"Punjabi Bagh Enclave, Punjabi Bagh West",2250.0,4,500.0
Punjabi Bagh,2592.0,4,425.0
Punjabi Bagh West,1800.0,4,455.0
Punjabi Bagh,1700.0,3,230.0
Punjabi Bagh West,1640.0,3,120.0
Punjabi Bagh West,2572.0,3,350.0
"Punjabi Bagh Enclave, Shivaji Park, Punjabi Bagh",2100.0,3,250.0
"Punjabi Bagh Extension, Punjabi Bagh",1620.0,3,290.0
Punjabi Bagh West,2500.0,4,800.0
Punjabi Bagh West,2250.0,3,205.0
"DLF Capitals Phase III, Shivaji Park, Punjabi Bagh",2445.0,4,525.0
Punjabi Bagh,2250.0,4,375.0
"Punjabi Bagh Enclave, Punjabi Bagh West",800.0,2,75.0
"Punjabi Bagh Enclave, Punjabi Bagh",1450.0,3,325.0
"Punjabi Bagh Extension, Punjabi Bagh",1440.0,3,245.0
Punjabi Bagh West,5220.0,5,650.0
Punjabi Bagh,1800.0,3,275.0
Punjabi Bagh West,4455.0,5,1150.0
"Punjabi Bagh Extension, Punjabi Bagh",195.0,3,280.0
"Punjabi Bagh Extension, Punjabi Bagh",807.2925,2,80.0
Punjabi Bagh West,3500.0,4,751.0
"Punjabi Bagh Enclave, Madipur, Punjabi Bagh",1000.0,2,78.0
"Bhagwan Das Nagar, Punjabi Bagh",900.0,2,150.0
Punjabi Bagh East,1800.0,3,275.0
Punjabi Bagh West,17010.0,3,250.0
Punjabi Bagh East,2340.0,4,260.0
Punjabi Bagh East,1350.0,3,235.0
"Bhagwan Das Nagar, Punjabi Bagh",464.0,3,42.0
Punjabi Bagh East,954.0,2,100.0
"Pal Mohan Apartments, Punjabi Bagh",1155.0,2,185.0
Alaknanda,700.0,2,165.0
"Shivalik Apartments, Alaknanda",980.0,2,138.0
"Narmada Apartment, Alaknanda",1350.0,3,210.0
"Gangotri Enclave, Alaknanda",1800.0,3,225.0
"Aravali Apartments, Alaknanda",968.751,2,150.0
"Narmada Apartment, Alaknanda",1250.0,3,200.0
"Aravali Apartments, Alaknanda",1800.0,3,200.0
"Shivalik Apartments, Alaknanda",1400.0,3,260.0
"Narmada Apartment, Alaknanda",1000.0,3,195.0
"Tara Apartment, Alaknanda",1800.0,4,215.0
Alaknanda,1500.0,3,265.0
"Narmada Apartment, Alaknanda",1600.0,3,200.0
"Narmada Apartment, Alaknanda carpet area 1400 sqft status Ready to Move floor Ground out of 3 floors transaction Resale furnishing Furnished facing North - East overlooking Garden/Park, Main Road society Narmada Apartment car parking 1 Open bathroom 3 balcony 1 ownership Freehold Near Alaknanda Main Market & Greater Kailash Metro Station. A very good 3 bhk flat for sale in rwa Narmada Apartment, delhi south. It is a superb property and offers an excellent view. The flat is unfurnished. It promises a comfortable stay. It is feng shuivaastu compliant, which is considered to bring positive energy. The appeal of the flat has been increased with the availability of a pipedGa. Indeed, the society too has multiple facilities for enjoyment, such as club housecommunity center and fitness centregym etc. It also has rain water harvesting system. It has a super builtUp area of 180 sq. Yards. read more Contact Agent View Phone No. Share Feedback Agent Sulabh Estate",1400.0,3,180.0
Alaknanda,1400.0,3,190.0
Greater Kailash 4 Nri Colony,2700.0,4,365.0
Alaknanda,1100.0,2,150.0
Alaknanda,1200.0,2,175.0
Alaknanda,1400.0,2,140.0
"Project Gangotri Enclave, Alaknanda",1500.0,3,210.0
Alaknanda,1320.0,3,156.0
"Project Gangotri Enclave, Gangotri Enclave, Alaknanda",1300.0,3,190.0
"Narmada Apartment, Alaknanda",1150.0,2,165.0
Alaknanda,1440.0,3,190.0
"Nilgiri Apartment, Alaknanda",1400.0,2,165.0
Alaknanda,450.0,1,30.0
"Yamuna Apartment, Alaknanda",1300.0,2,150.0
"Nilgiri Apartment, Alaknanda",1200.0,2,143.0
"Nilgiri Apartment, Alaknanda",1300.0,3,185.0
"Tara Apartment, Alaknanda carpet area 1400 sqft status Ready to Move floor 2 out of 3 floors transaction Resale furnishing Furnished facing North - East overlooking Garden/Park society Tara Apartment car parking 1 Covered, 1 Open bathroom 3 balcony 4 ownership Freehold Near Alaknanda Main Market, Jamia Humderd University & Batra hospital. A very good 3 bhk flat for sale in rwa Tara Apartment, delhi south. It is a superb property and offers an excellent view. The flat is unfurnished. It promises a comfortable stay. It is feng shuivaastu compliant, which is considered to bring positive energy. The appeal of the flat has been increased with the availability of a pipedGa. Indeed, the society too has multiple facilities for enjoyment, such as club housecommunity center and fitness centregym etc. It also has rain water harvesting system. It has a super builtUp area of 180 sq. Yards. Other f read more Contact Agent View Phone No. Share Feedback Agent Sulabh Estate",1400.0,3,190.0
Alaknanda,1400.0,3,190.0
"Govindpuri Extension, Kalkaji",500.0,2,33.0
"Govindpuri Extension, Kalkaji",700.0,2,38.0
"Govindpuri Extension, Kalkaji",900.0,3,70.0
Kalkaji,1260.0,3,165.0
"Govindpuri Extension, Kalkaji",950.0,3,80.0
"DDA LIG Flat, Kalkaji",405.0,1,56.0
Kalkaji,1800.0,2,210.0
Kalkaji,1300.0,3,210.0
"Govindpuri Extension, Kalkaji",1000.0,3,86.0
"Giri Nagar, KalkaJi",900.0,3,66.0
"Govindpuri Extension, Kalkaji",1800.0,3,140.0
"Govindpuri Extension, Kalkaji",720.0,2,47.0
"Rishi Apartment, Kalkaji",1485.0,3,300.0
Kalkaji,1600.0,3,260.0
"Deshbandhu Apartments, Kalkaji",1200.0,2,185.0
"Dda Janta Flats, Kalkaji",900.0,2,65.0
Kalkaji,900.0,2,150.0
"Kalkaji super area 800 sqft status Ready to Move floor 3 out of 4 floors transaction Resale furnishing Semi-Furnished facing North - West overlooking Garden/Park, Main Road car parking 1 Open bathroom 2 balcony 2 ownership Freehold 2 bhk flat for sale in kalkaji this is third floor with 2 bed room and bathrooms very peace full location and posh. The Summer Fields School is considered as among the best school of New Delhi and is located just beside to this property. Within the range of 4-5km, you will find some of the well-equipped hospitals which include AIMS Hospital and Moolchand Hospital.for more information about this flat please call me feel free. read more Contact Agent View Phone No. Share Feedback Agent Rose Estate 100+ Buyers Served",800.0,2,80.0
"Deshbandhu Apartments, Kalkaji",1150.0,2,161.0
"Govindpuri Extension, Kalkaji",900.0,3,68.0
Kalkaji Extention,1070.0,3,68.0
Kalkaji Extention,1050.0,2,90.0
"Kalkaji super area 1000 sqft status Ready to Move floor 2 out of 3 floors transaction Resale furnishing Semi-Furnished facing North - West overlooking Garden/Park, Main Road car parking 1 Covered, 1 Open bathroom 2 balcony 2 ownership Freehold Very beautiful 3 bedroom with attached washroom , drawing dining , modular kitchen , ac , servant room , power backup, powder room, separate underground and overhead water tanks, walking distance to market , easy access to ring road . For more details and site visit please contact cosmo properties. read more Contact Agent View Phone No. Share Feedback Agent Zee Associates",1000.0,2,180.0
"Mandakini Enclave Project, Kalkaji",1550.0,3,275.0
"Deshbandhu Apartments, Kalkaji carpet area 1300 sqft status Ready to Move floor 3 out of 4 floors transaction Resale furnishing Unfurnished facing North - East overlooking Garden/Park, Main Road society Deshbandhu Apartments car parking 1 Covered, 1 Open bathroom 2 balcony 2 ownership Freehold Third Floor with terrace 3 bhk builder floor apartment with 2 attached bathrooms located in kalkaji Deshbandu apartment . all water and electrical connections installed, very spacious drawing room , 2 balconies in front and rear each dedicated parking spot for 1 car. extra parking space available for additional cars, Immediately for sale , read more Contact Agent View Phone No. Share Feedback Agent Bhawani Realtors",1300.0,3,135.0
Kalkaji,810.0,2,140.0
Kalkaji,900.0,2,90.0
"Deshbandhu Apartments, Kalkaji",1200.0,2,160.0
Kalkaji Extention,1000.0,2,110.0
"Govindpuri Extension, Kalkaji",720.0,2,55.0
Hauz Khas,2520.0,3,475.0
Hauz Khas,1700.0,3,450.0
Hauz Khas,1800.0,3,435.0
"Hauz Khas Apartment, Hauz Khas Enclave, Hauz Khas",6000.0,5,1800.0
Hauz Khas,1800.0,4,800.0
"Sarva Priya Apartment, Hauz Khas",2000.0,3,375.0
Hauz Khas,2066.0,4,600.0
"Hauz Khas Enclave, Hauz Khas",2050.0,3,710.0
"Safdarjung Development Area, Hauz Khas",1100.0,3,185.0
Hauz Khas,4500.0,4,700.0
"Hauz Khas Enclave, Hauz Khas",4500.0,4,850.0
"Mayfair garden, Hauz Khas",6500.0,4,1900.0
"Orchid Metropolis, Hauz Khas",4350.0,4,1350.0
Hauz Khas,1750.0,3,350.0
"Safdarjung Development Area, Hauz Khas",3600.0,4,650.0
"Hauz Khas Enclave, Hauz Khas",1200.0,2,275.0
Hauz Khas,1500.0,3,450.0
"Hauz Khas Enclave, Hauz Khas",2250.0,4,1000.0
Hauz Khas,1800.0,3,470.0
Hauz Khas,1600.0,3,275.0
Hauz Khas,2800.0,4,700.0
"Sarva Priya Apartment, Hauz Khas carpet area 1700 sqft status Ready to Move floor 1 out of 7 floors transaction Resale furnishing Semi-Furnished facing North - East overlooking Garden/Park society Sarva Priya Apartment car parking 1 Covered, 1 Open bathroom 3 balcony 2 ownership Freehold desperarte sale ,its clear tile, proper cross ventilation ,proper an matter for one week ,crystle sunlight found, and air,ICIC BANK LOAN APPROVAL, good to see , have lucky chance to get such a reraly rare property read more Contact Agent View Phone No. Share Feedback Agent New Capital Properties 1000+ Buyers Served",1700.0,3,365.0
"Hauz Khas Enclave, Hauz Khas",2400.0,4,650.0
"Sarva Priya Apartment, Hauz Khas",1980.0,3,350.0
"Hauz Khas Enclave, Hauz Khas",2100.0,4,560.0
"Hauz Khas Enclave, Hauz Khas",5400.0,4,1100.0
"Safdarjung Development Area, Hauz Khas",1250.0,3,240.0
Hauz Khas,2300.0,4,1025.0
"Hauz Khas Enclave, Hauz Khas",2700.0,4,1000.0
"Safdarjung Development Area, Hauz Khas",1450.0,3,450.0
Chittaranjan Park,2097.0,3,290.0
"Arya Chittaranjan Park, Chittaranjan Park",1250.0,3,255.0
Chittaranjan Park,1600.0,3,335.0
Chittaranjan Park,2600.0,4,625.0
Chittaranjan Park,1700.0,3,475.0
Chittaranjan Park,1116.0,3,147.0
Chittaranjan Park,1070.0,2,180.0
Chittaranjan Park,1200.0,3,225.0
Chittaranjan Park,1200.0,3,220.0
Chittaranjan Park carpet area 1200 sqft status Ready to Move floor 2 out of 4 floors transaction New Property furnishing Semi-Furnished facing North - East overlooking Garden/Park bathroom 3 balcony 2 ownership Freehold Newly Constructed Property Newly Constructed Property brand new 1st floor 3bedroom attach bathrooms stilt car parking modular kitchen air condition prime location c r park read more Contact Agent View Phone No. Share Feedback Nirmala Associates Certified Agent Trusted by Users Genuine Listings 1500+ Buyers Served,1200.0,3,222.0
Chittaranjan Park,1450.0,3,225.0
Chittaranjan Park,1000.0,2,75.0
"Chittaranjan Park carpet area 270 sqyrd status Ready to Move floor 2 out of 4 floors transaction Resale furnishing Furnished facing North - East overlooking Garden/Park, Main Road car parking 5 Open bathroom 4 balcony 3 ownership Freehold 3 Side Open, Fully ventilated, Close to Market, Above Bank and 24 x 7 ATM because of which good security. Elite Neighbor hood. Very good for Rental Income. Also can be used for commercial Office Purpose by Advocates. read more Contact Owner View Phone No. Share Feedback Owner Mayur Mayur Aggarwal",2430.0,4,300.0
Chittaranjan Park,945.0,2,65.0
Chittaranjan Park,1650.0,3,350.0
"Nehru Enclave, Kalkaji",1350.0,3,175.0
Chittaranjan Park,2625.0,4,600.0
Chittaranjan Park,1800.0,4,400.0
Chittaranjan Park,125.0,3,115.0
Chittaranjan Park,1440.0,3,225.0
Chittaranjan Park,1900.0,3,285.0
Chittaranjan Park,1800.0,3,290.0
Chittaranjan Park,1200.0,3,155.0
"Nehru Enclave, Kalkaji",1800.0,3,260.0
Chittaranjan Park,1200.0,3,165.0
Chittaranjan Park,4118.0,4,550.0
Chittaranjan Park,1050.0,3,125.0
Chittaranjan Park,875.0,3,175.0
Chittaranjan Park Block A,990.0,2,115.0
Chittaranjan Park,11050.0,3,185.0
